time,lafeq,lafmax,lcfeq,hz20,hz25,hz31_5,hz40,hz50,hz63,hz80,hz100,hz125,hz160,hz200,hz250,hz315,hz400,hz500,hz630,hz800,hz1000,hz1250,hz1600,hz2000,hz2500,hz3150,hz4000,hz5000,hz6300,hz8000,hz10000,hz12500,hz16000,hz20000,noise_type
2025-05-24 08:01:55,49.1,51.5,58.1,33.1,37.1,58.0,54.7,33.8,39.3,36.2,41.2,37.1,38.3,38.5,35.6,33.7,31.6,35.9,36.3,39.5,39.9,40.4,40.4,38.3,37.7,38.4,35.1,34.0,35.4,28.2,26.8,28.2,23.9,18.6,car_noise
2025-05-24 08:01:56,46.5,47.4,58.0,37.2,37.2,60.1,47.1,33.9,39.0,33.8,40.8,38.2,34.1,37.5,32.9,30.5,29.9,35.2,32.4,33.6,34.2,36.7,37.7,34.9,36.7,37.2,33.9,30.3,29.5,27.3,25.4,26.5,21.8,18.1,car_noise
2025-05-24 08:01:57,47.9,50.1,57.7,39.6,36.4,59.0,45.3,38.0,39.1,34.1,42.3,38.8,35.2,35.3,32.6,31.6,30.6,36.5,33.9,36.1,36.1,37.9,40.1,36.7,37.3,37.1,34.5,30.9,31.1,29.2,26.9,28.0,23.6,18.9,car_noise
2025-05-24 08:01:58,51.2,54.1,58.1,36.0,34.4,59.3,44.8,34.9,38.1,34.2,42.7,39.2,36.5,37.3,32.5,33.8,32.0,38.3,37.8,40.3,40.7,41.7,45.0,39.8,39.0,38.8,35.2,32.9,31.8,29.6,27.5,28.1,23.6,18.6,car_noise
2025-05-24 08:01:59,53.9,57.4,59.0,35.2,36.8,59.8,46.3,37.5,39.2,34.3,42.3,38.9,37.4,38.2,34.3,34.8,35.5,42.2,42.8,45.3,45.4,46.0,46.0,42.8,42.5,40.3,37.5,35.1,32.5,30.5,29.1,29.9,25.6,19.4,car_noise
2025-05-24 08:02:00,55.8,59.0,61.8,38.0,37.6,63.0,47.5,38.8,43.2,38.1,42.8,39.5,39.1,38.5,36.7,37.4,39.4,42.7,45.9,49.2,47.4,48.4,48.2,44.8,42.7,42.1,38.2,35.2,33.4,30.3,29.2,29.8,24.3,18.6,car_noise
2025-05-24 08:02:01,54.5,57.1,61.9,37.1,38.5,63.4,53.4,39.4,41.4,36.9,38.9,37.8,41.9,39.6,37.0,38.1,39.1,43.2,45.0,48.0,45.7,45.6,46.8,43.6,41.5,40.0,37.0,34.4,32.7,30.2,29.5,30.6,25.3,19.2,car_noise
2025-05-24 08:02:02,53.5,55.0,58.2,37.4,36.8,59.9,56.0,36.9,40.0,40.4,38.8,31.2,42.6,38.9,37.4,36.6,38.3,41.2,42.3,47.1,45.3,44.8,44.2,41.6,40.1,38.9,35.4,32.0,30.5,27.8,26.9,28.4,23.3,18.6,car_noise
2025-05-24 08:02:03,53.2,54.3,57.7,42.2,40.8,57.2,50.9,37.0,42.8,38.1,42.0,38.5,40.0,36.9,39.5,40.1,39.0,40.1,42.6,45.6,45.9,44.4,44.5,42.2,39.1,37.3,35.5,30.7,29.2,26.2,24.4,26.1,21.5,18.0,car_noise
2025-05-24 08:02:04,52.0,54.1,57.1,44.5,40.8,53.3,54.8,35.0,38.8,39.9,38.6,36.9,36.9,36.6,37.7,39.7,36.7,38.5,39.6,43.1,45.6,42.4,43.0,41.8,37.9,36.3,33.7,29.4,27.1,24.1,23.3,25.4,20.8,18.0,car_noise
2025-05-24 08:02:05,51.0,54.0,55.8,39.4,38.4,54.7,50.5,33.2,39.8,38.1,36.4,35.9,37.8,35.2,37.0,37.9,34.4,37.0,38.0,41.2,42.3,41.7,42.3,41.4,38.6,37.0,33.2,31.1,28.5,24.9,23.3,24.9,20.4,17.9,car_noise
2025-05-24 08:02:06,50.3,52.2,55.3,38.9,39.2,55.3,45.0,35.2,38.7,33.0,37.2,34.5,35.6,33.1,36.1,35.4,32.6,36.6,37.6,41.8,42.1,41.8,42.1,40.7,38.4,36.2,32.2,30.6,28.2,25.7,24.4,25.2,20.1,17.8,car_noise
2025-05-24 08:02:07,50.8,55.0,56.1,37.4,42.4,56.5,45.8,33.3,40.0,34.3,37.5,35.8,33.8,33.5,35.3,36.2,33.8,36.3,37.7,40.4,42.6,43.4,42.4,39.5,38.2,35.6,31.7,29.9,27.2,24.9,23.3,24.5,19.5,17.8,car_noise
2025-05-24 08:02:08,51.0,53.1,57.1,40.2,42.4,53.4,56.4,32.2,37.4,36.1,36.0,36.0,37.0,36.0,35.3,36.1,35.2,36.5,38.6,40.1,41.6,43.6,43.6,40.3,37.4,36.9,32.9,31.9,28.2,24.3,23.4,24.6,19.5,17.8,car_noise
2025-05-24 08:02:09,52.6,54.6,57.2,40.1,39.8,56.2,51.6,33.7,37.4,34.9,36.2,36.0,38.9,36.0,37.0,37.9,36.4,38.5,41.3,43.7,44.2,45.5,44.4,42.2,39.1,37.1,33.1,29.2,28.0,25.8,24.0,23.8,19.0,17.6,car_noise
2025-05-24 08:02:10,52.2,54.3,57.3,37.3,42.9,57.0,50.2,38.3,35.8,36.5,34.7,34.5,40.2,36.3,38.1,38.1,37.6,38.1,41.0,43.3,44.8,44.7,44.1,41.3,38.5,36.2,33.3,29.6,27.3,26.0,24.6,23.9,19.3,17.7,car_noise
2025-05-24 08:02:11,50.8,53.4,55.4,39.6,37.4,53.2,51.5,31.1,37.3,35.7,37.5,33.7,37.1,37.8,39.0,37.0,37.1,37.3,40.6,44.5,42.9,42.2,42.2,40.0,39.7,35.7,30.8,25.3,25.2,24.8,23.2,23.3,19.0,17.5,car_noise
2025-05-24 08:02:12,48.8,53.5,55.0,35.1,35.4,54.6,48.5,32.9,36.9,32.6,35.4,30.4,32.3,33.8,33.8,34.5,34.4,36.5,38.5,41.5,42.7,41.6,40.9,36.2,34.6,33.2,28.2,25.8,23.8,20.8,20.0,21.0,18.1,17.5,car_noise
2025-05-24 08:02:13,52.0,54.9,56.0,37.7,35.9,54.3,47.9,30.6,37.0,33.9,34.6,32.7,35.4,35.3,35.8,35.9,37.7,41.0,44.5,46.6,44.2,44.6,43.2,38.6,36.7,33.0,30.6,25.9,25.4,23.3,21.1,21.5,18.5,17.6,car_noise
2025-05-24 08:02:14,50.5,55.0,56.0,37.7,37.9,54.7,43.7,34.4,42.0,36.6,36.9,33.1,36.5,35.3,35.2,33.6,35.1,37.8,40.1,42.8,43.1,41.8,40.5,36.7,34.9,33.4,31.6,27.0,25.3,24.3,22.8,22.5,19.1,17.7,car_noise
2025-05-24 08:02:15,54.5,57.9,58.7,37.3,42.2,57.2,52.0,35.3,42.7,37.8,37.6,34.2,38.0,38.0,37.5,39.4,40.0,40.8,42.7,47.8,47.4,46.4,45.6,42.5,39.3,37.1,34.3,30.9,28.5,27.6,27.7,27.4,22.1,18.1,car_noise
2025-05-24 10:18:18,59.1,60.2,64.4,56.8,58.4,56.0,51.9,51.5,50.1,51.2,44.5,44.7,43.9,42.2,40.1,41.5,42.8,47.6,50.1,53.4,50.8,51.2,49.5,47.6,46.3,44.0,40.6,39.1,38.3,37.6,37.2,36.7,33.6,38.0,car_noise
2025-05-24 10:18:19,57.5,62.5,62.1,55.3,55.2,49.0,48.5,52.5,50.6,47.9,42.7,41.4,40.5,38.0,39.7,40.7,42.3,46.8,47.7,52.4,49.2,48.7,49.0,47.6,45.2,42.4,39.2,38.4,34.8,36.0,32.1,31.2,28.0,28.1,car_noise
2025-05-24 10:18:20,47.9,51.0,57.5,53.4,53.6,49.5,40.7,47.0,46.5,45.9,39.0,38.9,36.4,34.7,33.2,32.9,35.1,35.4,35.0,37.4,36.5,40.2,35.6,35.9,36.3,35.0,38.0,33.6,29.6,24.4,21.4,22.3,20.5,18.2,car_noise
2025-05-24 10:18:21,46.1,49.2,63.8,46.4,60.8,49.8,57.0,58.8,52.9,51.0,42.0,39.9,37.1,32.8,35.3,33.1,34.3,33.4,34.5,34.3,34.3,34.4,32.9,34.9,36.2,34.9,35.4,31.4,31.6,26.1,19.9,20.0,18.7,18.0,car_noise
2025-05-24 10:18:22,45.8,48.5,60.0,48.8,52.1,52.0,56.2,53.7,49.5,43.6,41.3,41.8,37.8,33.6,29.8,29.4,30.4,30.1,29.8,29.3,29.9,30.8,29.8,27.1,27.3,36.7,41.6,37.3,31.3,23.4,17.7,18.1,17.7,17.9,car_noise
2025-05-24 10:18:23,47.4,50.2,54.7,51.7,47.4,41.8,42.5,41.0,39.0,39.7,39.0,36.1,34.7,32.7,31.9,30.6,28.9,29.4,27.1,26.3,24.9,23.9,23.9,24.2,26.3,38.6,42.9,41.4,30.1,32.6,17.0,17.2,17.3,17.7,car_noise
2025-05-24 10:18:24,51.1,52.6,56.4,49.0,50.7,43.7,39.2,38.5,36.4,37.5,39.7,37.6,34.6,28.4,27.7,28.2,28.1,28.5,26.9,25.5,25.1,23.9,24.5,25.0,24.7,27.1,43.9,49.2,36.7,25.1,17.0,17.4,17.4,17.9,car_noise
2025-05-24 10:18:25,45.8,48.5,59.0,50.1,49.5,50.5,42.8,41.8,38.9,38.6,39.4,39.5,37.5,32.5,27.9,28.1,28.6,29.0,26.0,26.9,26.2,25.6,24.8,24.6,24.9,26.6,39.9,40.2,37.8,31.9,17.4,17.5,17.6,17.9,car_noise
2025-05-24 10:18:26,46.0,51.0,62.0,48.0,51.6,52.2,59.1,52.0,55.9,49.5,45.6,48.2,45.5,34.5,40.5,41.3,38.8,38.3,36.1,35.4,34.8,32.7,30.9,29.9,28.5,28.7,29.8,29.3,28.5,29.4,19.6,18.6,18.0,17.8,car_noise
2025-05-24 10:18:27,41.8,46.0,54.0,49.0,44.5,44.5,42.4,39.0,38.8,37.9,37.1,38.9,33.0,34.4,29.4,29.8,31.0,29.3,29.6,32.1,31.6,29.7,30.3,29.6,29.0,29.2,28.9,27.6,24.9,21.6,21.5,21.9,20.2,18.3,car_noise
2025-05-24 10:18:28,43.8,47.1,53.6,47.2,42.4,38.0,37.0,35.5,34.4,36.7,35.7,33.3,30.3,26.2,26.7,26.8,28.2,27.4,26.7,30.5,31.7,29.4,28.8,29.1,28.4,36.8,39.4,26.5,24.2,21.9,22.0,21.3,19.6,17.9,car_noise
2025-05-24 10:18:29,45.7,49.7,55.4,45.2,40.8,43.4,37.8,35.6,37.0,37.1,37.0,35.7,30.7,30.4,28.1,28.6,30.7,33.2,30.9,35.0,33.2,31.1,31.8,31.8,30.8,40.3,37.5,34.8,30.5,28.0,25.2,25.9,22.8,18.8,car_noise
2025-05-24 10:18:30,38.3,42.0,51.2,46.4,41.1,40.2,36.9,35.6,33.5,31.7,33.7,30.5,28.1,24.8,26.7,26.4,26.7,26.4,26.5,30.7,28.9,27.6,28.6,26.2,27.9,25.9,24.2,22.6,21.2,20.2,19.9,20.4,19.0,18.0,car_noise
2025-05-24 10:18:31,36.9,40.8,53.2,46.8,44.2,44.4,37.9,38.7,33.5,33.9,34.6,35.7,30.4,27.8,27.7,26.5,28.0,27.2,26.0,27.2,26.9,27.9,28.0,24.9,24.9,23.7,22.5,21.7,19.7,18.5,18.4,19.0,18.3,17.9,car_noise
2025-05-24 10:18:32,48.9,56.2,62.2,51.2,59.5,63.5,63.0,50.9,43.0,40.4,45.6,46.5,47.1,43.7,48.8,47.0,41.1,44.9,44.4,39.7,39.7,36.5,30.6,29.6,26.5,26.2,26.2,24.7,21.8,22.7,19.0,18.9,18.3,17.9,car_noise
2025-05-24 10:18:33,48.1,50.7,57.5,50.3,48.8,47.5,46.3,50.6,42.1,37.4,38.1,40.3,33.4,46.9,47.6,41.5,37.7,40.2,39.2,39.5,36.4,34.2,35.1,30.2,26.9,35.3,41.3,34.3,21.4,19.2,19.1,18.5,17.9,17.9,car_noise
2025-05-24 10:18:34,43.3,46.7,54.4,47.8,40.7,40.3,36.9,34.8,35.5,36.7,34.0,37.0,34.7,35.3,32.3,30.6,30.5,29.0,26.8,26.9,25.9,25.4,23.0,24.0,22.3,37.1,39.5,28.8,19.9,25.3,21.8,18.6,18.6,17.9,car_noise
2025-05-24 10:18:35,36.8,41.8,57.3,49.1,45.7,42.7,39.0,39.4,37.6,39.0,39.2,38.4,34.4,29.7,27.0,26.5,27.2,25.7,25.4,26.3,24.1,23.5,21.8,21.2,20.6,27.7,26.3,21.6,18.6,19.9,17.6,18.1,17.8,17.9,car_noise
2025-05-24 10:18:36,38.6,44.2,55.1,54.8,49.2,48.2,38.4,38.0,36.4,37.9,39.3,40.1,35.4,31.4,33.7,34.2,34.8,34.1,34.8,29.5,26.7,23.6,23.0,22.8,20.3,20.9,20.7,20.9,18.9,18.1,17.5,18.1,17.7,17.8,car_noise
2025-05-24 10:18:37,37.6,42.8,56.2,42.3,43.1,39.9,38.5,39.4,39.5,38.1,37.4,39.4,35.7,30.1,27.2,26.6,27.9,26.1,23.9,26.4,32.9,26.4,18.6,18.6,19.3,20.8,19.9,19.2,17.0,19.2,16.6,16.9,17.3,17.9,car_noise
2025-05-24 10:18:38,38.1,42.0,52.4,53.0,43.2,42.9,40.2,37.9,36.5,36.8,34.6,33.6,32.4,27.3,26.1,27.3,27.2,27.0,24.7,26.5,28.3,27.3,28.1,21.8,22.1,21.8,22.1,23.6,24.8,25.7,27.1,29.3,28.1,22.0,car_noise
2025-05-24 10:21:00,56.0,57.5,59.8,33.9,43.9,40.2,41.9,57.6,42.2,41.1,46.4,43.6,42.7,42.1,37.8,39.0,41.3,43.1,45.5,45.2,44.5,48.8,48.0,45.8,43.5,45.8,37.7,34.6,32.0,27.7,27.5,28.3,24.7,18.9,car_noise
2025-05-24 10:21:01,56.3,58.3,59.7,35.7,38.0,34.6,39.2,57.9,41.7,40.1,44.9,40.2,42.5,45.8,40.5,38.0,42.6,42.2,44.4,46.1,45.2,48.0,49.2,46.3,44.9,44.8,39.5,37.3,33.9,30.1,29.6,29.9,26.4,19.8,car_noise
2025-05-24 10:21:02,56.2,57.5,60.7,53.3,38.0,37.7,51.5,54.7,46.5,47.0,41.2,42.8,44.4,44.3,37.2,38.1,41.7,44.7,44.4,47.8,47.2,47.3,46.6,45.8,45.1,42.9,38.5,36.7,34.5,32.4,29.6,29.4,26.3,19.8,car_noise
2025-05-24 10:21:03,56.1,57.3,58.7,48.2,46.9,56.2,50.1,41.4,48.0,43.5,40.9,41.4,42.0,38.0,38.8,38.7,40.6,43.7,44.4,47.7,47.4,47.6,46.5,45.8,45.2,42.4,39.2,36.4,34.2,31.4,29.1,29.2,26.1,19.7,car_noise
2025-05-24 10:21:04,56.2,57.3,57.8,50.6,45.2,42.0,33.5,45.8,46.4,44.6,34.9,44.9,40.3,38.4,37.4,38.5,41.0,45.3,44.5,47.6,49.2,48.8,47.3,45.3,44.6,41.5,37.4,34.7,31.1,29.1,29.1,28.2,24.4,18.9,car_noise
2025-05-24 10:21:05,56.6,59.5,58.0,41.3,42.8,42.3,36.6,48.6,43.1,44.9,35.9,41.4,38.6,40.4,41.7,39.1,40.7,44.1,45.2,48.1,49.9,48.4,46.5,46.4,46.2,41.6,38.1,33.7,33.0,30.8,28.1,27.6,23.9,19.0,car_noise
2025-05-24 10:21:06,54.9,57.2,59.6,39.4,45.7,54.0,50.5,43.9,48.3,52.5,39.9,42.0,44.5,48.2,41.4,39.7,41.7,43.0,43.2,45.3,46.2,46.4,44.9,44.2,43.2,41.6,36.6,34.8,31.7,27.0,26.0,25.5,22.3,18.4,car_noise
2025-05-24 10:21:07,57.7,60.2,63.3,51.2,39.6,55.6,59.2,44.3,43.1,56.1,44.7,46.7,51.6,47.2,43.3,42.3,43.5,45.2,47.4,48.4,49.4,48.8,48.5,46.9,45.2,43.9,40.3,37.3,35.0,32.4,30.7,28.9,24.9,19.1,car_noise
2025-05-24 10:21:08,58.6,60.4,62.1,47.5,42.9,55.4,47.0,41.7,52.4,46.2,44.9,47.1,48.8,41.0,42.5,41.5,42.5,45.6,45.3,49.0,50.8,50.8,50.9,48.5,46.9,43.6,40.5,38.0,34.4,32.0,29.6,28.2,24.2,18.9,car_noise
2025-05-24 10:21:09,54.3,55.4,58.9,46.4,48.6,53.0,40.5,40.5,49.2,46.1,42.8,46.3,50.4,40.5,40.7,38.9,40.9,41.0,41.9,45.3,46.0,46.4,45.7,43.5,41.9,38.8,35.1,33.8,35.7,35.6,24.8,24.0,21.0,18.1,car_noise
2025-05-24 10:21:10,57.5,59.3,60.6,49.3,45.6,50.8,52.2,47.5,45.6,52.6,43.5,47.3,45.9,40.9,43.5,41.5,42.8,45.6,46.5,50.4,50.6,49.0,48.1,47.2,43.5,42.6,41.6,35.1,38.4,37.4,33.3,32.4,27.3,20.6,car_noise
2025-05-24 10:21:11,56.8,58.2,62.4,51.0,45.2,48.4,49.4,59.9,49.0,48.0,51.4,42.5,40.7,40.9,41.4,40.2,41.8,44.5,45.0,50.6,50.5,48.5,46.1,44.4,42.1,40.0,36.5,34.8,35.0,33.8,31.6,30.8,25.9,19.7,car_noise
2025-05-24 10:21:12,55.6,57.5,62.6,49.5,45.8,50.0,43.7,54.7,60.4,48.2,44.5,47.5,41.6,40.0,42.0,39.6,41.4,42.7,43.8,48.2,49.9,46.9,44.6,44.4,42.2,40.9,37.1,34.9,32.5,30.1,29.6,28.9,25.2,19.6,car_noise
2025-05-24 10:21:13,51.8,53.5,63.4,52.4,48.0,40.9,42.4,44.0,62.2,50.0,43.8,46.0,40.1,46.4,40.1,37.8,39.7,43.5,39.9,41.3,43.0,43.4,41.9,41.7,39.3,39.4,35.4,33.8,31.9,27.9,26.4,22.8,19.5,18.0,car_noise
2025-05-24 10:21:14,47.6,50.0,59.6,50.3,46.7,44.3,39.2,58.0,55.8,43.7,40.6,40.4,39.6,37.5,38.3,34.1,32.4,34.1,32.6,33.9,35.6,36.7,35.3,41.1,36.0,37.3,32.8,29.0,27.2,35.3,24.7,18.5,18.2,17.9,car_noise
2025-05-24 10:21:15,47.0,52.8,52.5,43.1,42.5,49.0,48.5,40.8,41.8,41.1,38.6,39.0,36.1,33.3,32.8,30.8,30.4,30.2,30.1,32.3,32.2,32.8,30.8,31.9,38.6,40.6,31.6,31.0,24.7,21.3,17.1,16.8,17.4,17.8,car_noise
2025-05-24 10:21:16,42.0,45.9,51.6,42.6,38.5,48.3,40.9,36.6,42.7,40.1,37.0,38.1,39.8,33.2,32.7,30.7,29.8,29.6,30.3,32.3,32.8,32.6,30.4,28.9,27.3,28.8,33.0,26.5,20.9,27.4,17.5,16.8,17.3,17.7,car_noise
2025-05-24 10:21:17,43.6,46.5,52.1,42.0,39.3,49.4,36.8,37.9,44.2,43.3,39.0,39.9,39.7,34.5,32.6,31.2,30.2,30.4,29.6,32.5,32.6,32.7,31.5,31.2,29.3,30.9,34.6,26.5,32.4,31.8,17.2,16.8,17.3,17.7,car_noise
2025-05-24 10:21:18,47.2,51.1,53.1,44.5,39.7,43.9,44.0,43.9,45.0,46.5,39.4,39.3,39.7,35.8,33.2,31.0,30.9,30.7,29.4,30.6,31.7,32.7,33.2,37.5,35.1,41.4,39.2,33.0,28.4,33.8,17.0,16.9,17.3,17.8,car_noise
2025-05-24 10:21:19,49.5,54.1,56.9,48.3,46.3,47.8,42.0,48.5,50.2,49.9,43.5,43.2,37.5,34.8,32.4,31.0,30.2,29.8,28.4,30.6,30.7,30.4,36.2,47.7,33.7,34.7,29.5,30.4,25.8,27.1,17.2,17.3,17.2,17.8,car_noise
2025-05-24 10:21:20,41.4,44.0,55.1,54.8,46.9,43.6,39.7,51.2,50.1,47.5,41.5,37.8,36.0,34.0,30.9,28.9,30.6,30.5,29.5,30.9,31.7,30.9,30.3,30.7,28.7,27.9,23.8,24.0,22.3,29.1,18.5,16.7,17.2,17.7,car_noise
2025-05-24 13:26:10,51.7,53.6,59.8,32.2,43.8,52.4,50.7,40.3,46.7,51.8,51.9,52.5,36.9,33.9,38.7,37.5,37.9,38.7,41.5,43.1,44.2,42.9,42.4,42.2,38.3,35.0,30.7,28.8,26.2,24.6,25.2,23.8,20.0,18.0,car_noise
2025-05-24 13:26:11,56.9,59.2,60.1,30.9,41.7,43.9,54.1,40.7,35.6,53.8,43.2,50.2,40.2,37.1,43.2,41.4,41.2,42.0,45.0,50.1,49.7,49.5,48.0,46.2,43.0,39.2,36.1,32.6,29.9,28.6,29.1,28.0,23.1,18.6,car_noise
2025-05-24 13:26:12,58.5,59.7,60.9,39.5,45.3,43.6,55.8,44.9,36.1,52.8,45.0,44.5,43.3,38.4,43.5,41.6,42.4,42.9,45.9,50.8,51.6,50.8,50.7,48.2,45.4,41.8,37.6,34.5,31.2,29.9,30.6,30.7,26.1,19.5,car_noise
2025-05-24 13:26:13,55.5,57.2,60.3,47.5,51.1,43.7,58.1,44.5,35.8,53.4,44.7,41.6,41.6,39.3,41.8,40.0,41.4,41.0,43.6,47.2,47.6,47.3,47.8,44.9,41.7,39.2,34.9,31.4,29.2,28.1,28.1,27.2,22.4,18.6,car_noise
2025-05-24 13:26:14,52.7,54.3,62.6,38.0,45.7,46.4,57.6,57.3,36.9,52.6,55.5,49.5,41.7,36.3,39.9,37.5,36.4,39.3,40.1,43.5,44.9,44.3,44.8,41.8,38.9,36.0,32.5,29.8,27.4,25.5,24.3,23.9,20.4,18.0,car_noise
2025-05-24 13:26:15,61.6,72.4,67.1,44.0,40.1,39.4,57.5,62.6,36.5,52.0,57.5,51.6,41.1,41.0,40.7,39.5,36.6,40.6,42.9,48.2,50.1,47.4,47.0,43.5,39.1,41.0,37.8,36.5,33.5,30.7,28.7,27.8,23.9,19.2,car_noise
2025-05-24 13:26:16,67.7,73.0,69.4,40.0,50.4,44.2,59.3,59.5,41.4,57.2,56.6,52.7,46.0,52.9,48.2,48.2,45.6,50.6,55.7,60.2,62.1,59.0,58.2,53.7,50.1,46.3,43.1,40.5,37.6,34.8,33.0,32.5,28.6,21.2,car_noise
2025-05-24 13:26:17,58.6,63.3,61.8,38.1,44.2,44.7,41.2,55.4,44.0,41.5,56.9,44.7,39.9,38.5,42.6,42.5,41.5,42.3,43.9,48.4,53.5,51.6,49.2,45.5,42.6,38.1,35.9,33.2,30.1,27.3,26.3,25.9,22.0,18.5,car_noise
2025-05-24 13:26:18,53.3,54.8,59.0,35.4,47.8,42.3,41.5,53.5,43.7,41.2,55.6,45.6,38.3,36.7,40.0,41.6,37.8,37.3,38.5,40.8,45.1,46.7,46.0,43.0,40.5,37.1,34.3,32.5,29.2,26.6,24.3,22.6,19.4,18.0,car_noise
2025-05-24 13:26:19,50.8,53.9,55.9,46.2,42.5,47.1,40.3,50.9,40.8,45.8,48.4,43.0,37.3,35.4,35.9,38.0,34.8,36.0,36.5,39.2,42.8,44.0,42.7,40.0,38.5,34.5,31.3,28.0,24.8,22.1,20.7,19.7,18.2,17.9,car_noise
2025-05-24 13:26:20,48.3,50.7,53.2,38.7,40.6,49.1,35.1,36.9,44.0,38.5,43.5,40.8,32.4,32.6,34.2,36.9,35.0,33.0,35.4,34.8,36.9,39.5,40.0,38.2,40.5,35.6,31.3,26.6,23.1,20.4,19.2,18.6,17.6,17.9,car_noise
2025-05-24 13:26:21,47.7,52.2,53.2,40.8,42.6,37.8,46.7,35.3,40.1,43.0,45.7,45.6,32.9,29.7,31.9,35.1,32.7,31.9,34.7,34.7,36.5,39.8,39.3,38.9,38.8,35.8,32.0,27.1,23.1,20.0,18.8,18.8,17.6,17.7,car_noise
2025-05-24 13:26:22,45.3,46.7,50.4,40.0,42.7,46.0,36.0,34.6,39.0,39.0,38.3,39.1,32.9,29.9,31.1,34.2,31.6,29.6,34.1,32.5,33.8,36.6,36.9,35.1,35.4,34.9,29.9,23.9,20.8,18.3,17.3,17.5,17.4,17.8,car_noise
2025-05-24 13:26:23,45.5,46.3,51.9,38.4,39.2,46.1,36.9,35.4,42.2,39.5,39.4,42.4,30.7,30.6,31.9,35.2,32.8,31.1,34.5,32.7,35.3,38.2,37.4,35.1,35.1,33.7,27.9,24.1,20.2,17.5,16.6,17.0,17.1,17.7,car_noise
2025-05-24 13:26:24,44.2,45.8,52.1,39.5,40.6,41.2,45.0,37.8,41.9,43.0,40.3,40.2,32.2,30.3,32.3,34.7,32.2,31.4,33.9,32.0,34.1,36.8,35.9,33.9,32.2,29.9,27.1,23.9,20.9,18.1,16.9,17.2,17.9,17.9,car_noise
2025-05-24 13:26:25,40.9,43.1,51.9,42.2,42.4,46.2,42.2,37.3,39.0,40.7,43.5,40.8,33.3,30.8,31.6,30.9,29.1,26.9,28.6,28.4,30.2,33.0,33.2,29.5,27.6,26.7,24.6,21.3,17.8,15.7,15.6,16.6,17.5,17.7,car_noise
2025-05-24 13:26:26,40.6,41.4,53.8,41.1,39.8,42.5,47.8,41.2,34.5,48.6,43.4,43.8,29.9,28.9,29.8,29.1,27.4,25.8,27.3,29.2,30.9,33.7,32.8,28.6,26.7,25.5,23.8,20.9,17.4,15.1,15.2,16.3,17.2,17.8,car_noise
2025-05-24 13:26:27,41.0,41.8,52.9,37.2,40.1,36.1,46.8,49.6,36.3,42.0,46.4,34.3,31.2,28.8,30.0,29.4,27.0,27.2,28.2,30.2,32.1,33.9,32.6,29.1,27.0,26.2,24.9,26.6,18.9,15.5,15.2,16.3,17.1,17.7,car_noise
2025-05-24 13:26:28,41.8,43.5,50.9,39.4,41.6,33.2,33.5,45.3,39.8,34.4,43.3,36.4,28.4,27.0,30.0,29.9,28.2,28.1,29.2,30.1,34.1,35.6,33.4,30.7,27.4,25.5,26.7,24.7,19.2,15.3,15.2,16.3,17.1,17.7,car_noise
2025-05-24 13:26:29,41.3,41.9,49.0,37.3,40.4,34.6,34.5,34.3,35.7,36.3,36.4,36.2,28.1,27.1,29.1,29.4,27.5,27.5,27.7,29.0,32.9,34.2,33.7,31.3,28.1,26.4,25.7,24.7,19.3,15.2,15.2,16.3,17.2,17.8,car_noise
2025-05-24 13:26:30,40.3,41.4,48.6,37.2,37.7,30.8,33.4,33.7,37.1,37.6,35.2,34.0,27.1,24.4,30.2,29.5,26.7,27.4,26.9,27.5,31.7,33.4,32.3,31.4,28.0,23.9,22.3,19.3,16.2,14.9,15.1,16.4,17.3,17.8,car_noise
2025-05-24 13:36:40,50.8,55.8,58.3,38.2,37.5,37.1,38.0,55.5,51.8,49.0,47.6,41.6,37.5,35.1,35.1,33.6,31.3,33.1,32.5,33.8,36.3,33.3,32.0,39.0,46.5,42.2,34.9,27.1,24.6,23.4,17.0,17.0,17.2,17.7,car_noise
2025-05-24 13:36:41,39.3,41.9,52.7,33.7,39.4,36.2,37.8,50.4,50.6,44.1,38.7,36.5,33.9,30.6,32.0,29.0,28.5,29.7,30.1,29.9,31.4,30.4,27.8,24.7,24.3,22.6,20.6,24.9,24.7,19.3,15.2,16.4,17.0,17.7,car_noise
2025-05-24 13:36:42,37.0,37.9,49.5,38.9,37.6,36.9,42.0,41.3,42.9,38.4,34.5,34.9,34.9,33.1,33.5,28.5,27.9,27.9,27.2,27.8,29.1,27.5,26.4,23.3,21.0,20.2,19.6,21.8,16.0,15.2,15.1,16.3,17.1,17.8,car_noise
2025-05-24 13:36:43,34.9,35.9,47.8,38.5,29.8,37.4,37.2,38.6,40.1,35.3,32.0,33.0,30.1,29.2,30.7,26.5,24.6,25.8,25.3,25.6,27.1,25.7,24.1,20.7,20.8,20.5,19.3,20.6,15.9,15.2,15.3,16.1,17.0,17.8,car_noise
2025-05-24 13:36:44,38.5,47.5,48.4,39.8,38.3,35.2,25.5,40.6,33.6,31.5,28.5,30.0,27.8,26.8,29.4,26.1,24.9,25.7,23.6,24.2,24.7,23.1,26.3,23.0,27.0,21.4,19.3,20.9,15.7,15.1,15.2,16.2,17.0,17.7,car_noise
2025-05-24 13:36:45,49.2,54.5,50.6,34.7,42.7,32.9,29.3,32.4,31.6,31.0,29.6,29.5,25.7,24.5,26.1,23.7,23.2,23.0,23.1,22.9,23.1,22.3,38.4,44.6,40.3,33.2,20.0,20.4,16.1,15.2,15.4,16.5,17.9,17.7,car_noise
2025-05-24 13:36:46,46.8,53.1,51.4,43.2,34.2,34.2,30.5,33.9,31.2,26.7,28.1,28.3,24.3,26.1,26.5,23.2,22.3,22.4,22.8,23.8,27.0,26.7,32.2,36.0,41.3,33.5,37.3,35.1,27.0,18.2,16.3,17.0,17.2,17.7,car_noise
2025-05-24 13:36:47,32.9,36.3,50.3,45.6,42.4,38.3,36.1,36.0,34.2,33.0,32.7,32.5,26.9,26.6,27.7,23.9,23.9,22.3,22.8,21.8,22.4,22.1,19.8,18.9,18.9,19.3,20.2,22.2,17.6,15.8,15.2,16.3,17.1,17.7,car_noise
2025-05-24 13:36:48,34.6,37.8,50.8,46.3,41.1,36.3,34.6,34.9,36.9,31.6,32.2,29.7,28.4,25.4,27.1,23.3,23.0,21.8,22.1,21.4,23.0,22.1,20.6,26.3,25.5,22.4,19.9,22.6,15.8,14.8,15.3,16.3,17.1,17.8,car_noise
2025-05-24 13:36:49,34.7,37.8,48.5,40.7,39.8,34.8,33.2,31.8,30.7,28.8,28.1,28.2,25.4,25.9,26.2,22.0,22.4,21.4,20.7,20.5,21.4,20.6,23.0,25.9,27.9,19.7,21.0,21.0,16.1,15.2,15.0,16.3,17.2,17.9,car_noise
2025-05-24 13:36:50,35.0,37.6,50.5,38.9,38.8,41.0,35.0,31.9,32.9,31.5,33.6,34.3,25.4,25.6,26.1,23.2,22.9,20.1,19.6,18.9,20.0,19.4,17.9,26.6,30.6,19.8,18.8,23.3,18.5,16.1,15.1,16.2,17.0,17.8,car_noise
2025-05-24 13:36:51,42.5,46.8,51.2,43.2,40.2,34.2,34.4,33.4,35.1,32.3,30.4,31.7,24.9,26.5,25.4,20.7,21.1,20.5,19.6,19.1,20.1,19.4,35.6,39.6,30.9,20.6,20.8,20.8,15.8,15.4,15.1,16.2,17.2,17.8,car_noise
2025-05-24 13:36:52,42.5,49.0,48.2,44.5,34.5,37.5,29.4,30.1,32.0,29.1,28.4,27.9,26.3,25.7,24.4,21.1,22.0,19.9,18.9,19.3,19.9,27.5,26.2,33.3,35.8,27.6,22.4,21.9,16.2,15.6,15.3,16.4,17.1,17.7,car_noise
2025-05-24 13:36:53,47.0,52.0,48.4,33.7,29.3,23.8,26.5,31.8,32.6,29.9,26.8,26.1,23.3,24.4,23.1,20.4,22.2,19.8,19.2,19.3,19.7,19.6,19.4,44.1,41.5,25.3,23.9,23.1,19.6,17.9,15.2,16.3,17.1,17.8,car_noise
2025-05-24 13:36:54,36.3,38.5,44.6,36.5,27.5,28.8,31.4,27.4,32.8,26.7,28.1,25.6,23.3,24.4,23.6,21.3,22.1,20.2,19.1,19.5,20.3,20.5,22.0,29.6,31.8,22.2,21.9,21.4,15.9,16.4,15.2,16.3,17.0,17.7,car_noise
2025-05-24 13:36:55,40.4,43.3,45.5,33.2,32.9,30.9,31.2,27.7,31.1,26.8,27.8,27.8,23.9,24.6,24.6,20.8,22.3,21.8,19.7,19.1,20.6,19.8,28.7,37.9,30.5,21.2,23.2,21.4,15.5,15.1,15.0,16.3,17.1,17.8,car_noise
2025-05-24 13:36:56,38.4,42.4,44.9,35.8,31.0,36.6,27.0,26.5,29.4,27.6,28.0,28.4,25.0,23.9,23.5,21.8,22.6,20.8,19.0,18.6,20.1,19.5,26.6,32.1,28.9,30.8,25.9,20.8,19.5,18.4,15.2,16.2,17.1,17.9,car_noise
2025-05-24 13:36:57,32.0,39.1,44.8,34.6,34.8,31.7,27.3,26.5,31.1,28.0,28.6,28.4,23.7,25.0,23.2,20.5,23.7,21.7,20.1,19.0,20.2,20.1,17.3,19.2,19.4,19.4,21.4,20.5,15.4,15.0,15.1,16.2,16.9,17.8,car_noise
2025-05-24 13:36:58,38.7,40.5,45.2,33.6,33.4,29.8,28.5,27.1,32.7,28.7,30.4,27.9,24.5,23.9,23.1,21.6,22.2,21.3,20.6,21.0,23.9,23.4,26.1,34.2,32.2,24.3,21.7,21.0,17.5,16.9,15.1,16.1,17.1,17.6,car_noise
2025-05-24 13:36:59,43.5,48.0,46.1,34.1,37.0,32.1,30.3,26.3,32.2,29.0,28.8,29.0,23.5,24.6,24.2,22.0,23.1,21.4,21.7,21.5,22.3,25.8,36.0,40.1,28.5,22.5,22.5,22.4,18.5,17.6,15.1,16.3,17.1,17.8,car_noise
2025-05-24 13:37:00,40.0,47.5,44.8,32.9,24.5,27.7,26.5,24.7,27.9,27.1,27.8,26.5,24.5,23.8,22.4,21.1,22.4,20.8,20.1,19.0,20.7,18.9,21.2,35.8,23.5,24.5,26.4,23.3,19.2,17.3,15.1,16.3,17.1,17.7,car_noise
2025-05-26 22:37:52,33.2,34.3,41.7,28.3,30.1,32.1,28.2,28.7,27.7,25.0,34.3,29.2,21.7,24.2,25.8,27.0,27.0,26.2,24.6,25.2,26.7,24.0,20.2,16.6,12.6,13.5,15.4,14.2,14.2,14.9,15.2,16.2,16.9,17.5,car_noise
2025-05-26 22:37:53,32.8,33.8,41.7,29.0,31.9,33.5,24.2,28.3,31.6,30.7,35.9,32.4,24.4,28.9,26.4,26.9,26.6,24.1,23.8,25.6,25.1,22.5,20.5,16.6,14.8,15.5,15.7,15.2,15.5,17.1,18.2,19.4,18.0,17.6,car_noise
2025-05-26 22:37:54,33.3,34.0,42.8,27.1,32.6,30.8,24.8,29.4,26.1,30.7,37.1,34.0,22.4,28.7,30.5,27.2,26.6,24.8,23.8,27.6,25.7,22.3,19.7,16.4,12.6,12.2,15.6,14.3,14.1,14.4,15.0,16.3,16.9,17.6,car_noise
2025-05-26 22:37:55,33.6,34.1,40.9,29.4,34.0,31.1,31.4,31.9,32.7,29.9,33.1,33.5,25.9,27.6,28.4,27.7,26.7,24.2,24.4,28.4,26.5,23.0,20.8,17.3,12.9,11.8,15.8,14.2,14.0,14.6,15.0,16.1,16.8,17.5,car_noise
2025-05-26 22:37:56,33.8,34.2,40.7,28.8,34.0,25.2,23.2,28.8,29.0,30.6,32.9,17.2,25.7,25.9,24.6,28.7,27.6,25.1,25.5,29.5,25.6,22.9,20.8,16.7,12.4,12.1,14.1,13.4,14.0,14.3,14.9,16.0,16.9,17.7,car_noise
2025-05-26 22:37:57,33.5,34.1,40.3,36.1,37.9,32.7,27.0,25.9,24.8,30.2,29.6,29.0,27.1,26.5,27.4,27.4,30.4,25.4,25.4,27.4,25.7,22.2,20.3,16.4,11.8,11.8,15.7,14.2,14.0,14.3,14.8,16.0,16.8,17.6,car_noise
2025-05-26 22:37:58,33.2,33.8,40.3,34.9,35.0,30.6,29.2,32.5,28.5,32.4,28.4,28.2,23.4,27.5,27.2,28.6,30.6,25.0,25.0,26.2,25.7,21.9,19.6,15.4,11.5,11.5,15.0,13.8,14.1,14.2,14.7,15.9,16.9,17.6,car_noise
2025-05-26 22:37:59,32.7,33.5,41.8,36.9,35.2,30.8,22.8,27.4,26.1,25.8,28.7,30.3,23.5,26.3,26.1,27.5,30.1,25.0,23.7,25.1,24.3,21.1,18.4,17.4,14.9,14.9,16.6,14.9,14.5,14.7,15.1,16.1,16.9,17.4,car_noise
2025-05-26 22:38:00,31.1,31.9,40.5,31.0,33.0,33.7,27.9,27.1,34.5,32.0,34.8,31.9,23.6,26.5,24.4,26.4,27.4,22.0,22.0,25.1,23.2,19.0,17.2,14.5,11.8,11.8,14.5,14.0,13.9,14.3,14.8,16.1,16.9,17.4,car_noise
2025-05-26 22:38:01,30.3,31.2,39.2,29.7,23.8,29.2,29.2,27.9,25.2,32.5,28.3,26.9,24.8,26.6,23.8,22.1,23.3,20.4,21.2,25.5,23.4,18.1,16.8,14.4,12.4,12.3,15.0,14.0,14.0,14.4,14.9,16.2,16.9,17.5,car_noise
2025-05-26 22:38:02,29.6,30.1,40.3,27.5,33.8,32.4,28.1,23.9,28.1,31.5,29.0,26.6,25.1,26.2,23.3,23.4,21.8,20.1,20.7,23.8,22.5,17.7,15.9,14.6,13.5,12.6,15.6,14.3,14.1,14.3,14.8,16.1,16.9,17.6,car_noise
2025-05-26 22:38:03,29.0,29.5,40.4,30.4,34.1,31.9,31.2,30.2,26.4,32.7,36.1,32.0,23.6,24.9,23.7,22.2,20.6,20.1,19.9,21.5,22.2,17.4,16.5,13.6,11.7,11.8,15.0,13.7,13.7,14.2,14.8,15.9,16.8,17.5,car_noise
2025-05-26 22:38:04,30.1,30.9,41.3,30.8,26.8,33.4,27.2,28.6,24.4,29.3,33.8,30.1,23.6,25.9,25.3,24.4,23.3,23.0,21.9,23.3,22.0,17.7,16.9,14.4,11.4,11.7,14.9,14.0,13.9,14.2,14.7,15.9,16.9,17.5,car_noise
2025-05-26 22:38:05,30.2,31.0,42.4,30.3,32.7,31.7,28.4,28.2,31.6,33.8,39.9,36.5,25.5,25.4,25.8,25.1,23.0,21.9,20.3,23.0,21.6,18.1,16.5,15.3,12.1,11.9,16.0,14.4,13.9,14.1,14.7,16.0,16.9,17.5,car_noise
2025-05-26 22:38:06,30.9,31.4,41.1,29.4,27.2,33.4,27.8,30.4,29.9,31.4,31.8,37.6,27.8,27.4,28.3,25.2,23.6,21.9,22.2,24.0,22.6,19.0,17.1,15.8,13.6,13.5,15.7,13.8,13.9,14.1,14.7,15.9,16.9,17.5,car_noise
2025-05-26 22:38:07,31.7,32.2,40.5,31.4,32.2,33.4,29.1,28.3,28.6,31.4,33.2,29.4,26.7,28.4,29.2,26.3,24.2,22.2,23.2,24.6,23.6,20.4,19.4,18.9,15.1,13.2,16.0,14.2,13.8,14.3,14.8,16.1,16.9,17.6,car_noise
2025-05-26 22:38:08,31.7,32.1,40.7,33.5,40.1,34.4,28.0,28.5,25.5,28.5,29.8,31.3,25.7,28.1,28.0,26.6,23.9,21.2,21.8,24.9,24.2,20.8,19.4,18.8,15.9,13.2,15.9,14.6,14.4,14.8,15.3,16.3,16.9,17.6,car_noise
2025-05-26 22:38:09,32.2,32.7,41.3,33.1,34.4,29.9,30.8,30.3,28.6,32.8,32.9,27.8,27.2,28.6,28.9,26.4,24.2,22.5,23.1,26.1,24.8,21.3,19.6,18.4,14.6,13.2,15.2,14.5,14.4,14.7,15.5,16.6,17.2,17.7,car_noise
2025-05-26 22:38:10,32.9,33.7,41.1,31.8,32.8,30.3,26.6,23.6,28.4,28.1,28.4,29.4,25.4,26.9,27.3,28.3,27.9,24.1,24.8,26.3,25.8,21.3,19.0,16.8,13.8,13.6,16.2,15.2,15.2,15.9,15.9,17.2,17.3,17.6,car_noise
2025-05-26 22:38:11,32.8,33.2,40.9,33.7,33.8,28.4,35.1,33.4,27.6,28.1,28.9,31.4,27.1,26.9,26.5,27.2,28.3,24.1,23.7,26.2,26.2,22.0,19.4,16.4,12.5,12.4,15.5,14.5,14.5,14.8,15.4,16.6,17.1,17.7,car_noise
2025-05-26 22:38:12,33.7,34.4,42.7,37.2,32.4,30.0,31.8,27.9,29.4,29.0,33.8,30.0,25.7,28.2,28.5,27.6,26.2,24.1,24.4,27.3,27.2,22.7,21.3,18.4,14.9,13.3,15.2,14.2,14.3,14.8,15.5,16.6,17.1,17.6,car_noise
2025-05-26 22:46:57,36.0,37.5,44.6,29.7,31.8,27.5,30.2,27.0,30.1,31.5,43.2,28.1,31.5,33.1,30.4,28.0,27.6,25.7,27.9,30.6,29.8,25.6,23.2,20.3,14.2,12.1,14.6,14.0,14.5,14.6,15.1,16.2,17.0,17.5,car_noise
2025-05-26 22:46:58,34.9,35.5,45.0,32.8,27.8,30.7,27.8,31.2,30.4,28.3,43.1,30.5,31.6,32.3,30.3,29.8,26.5,25.2,24.6,28.7,27.8,24.2,22.9,19.2,13.3,11.4,15.1,13.3,14.0,14.2,14.6,16.1,17.0,17.6,car_noise
2025-05-26 22:46:59,35.0,35.7,45.3,33.6,34.0,28.3,27.5,31.6,25.5,31.0,41.8,34.6,31.3,33.1,30.9,29.1,26.5,22.7,23.0,25.9,28.5,27.2,22.9,19.3,14.0,11.7,15.1,13.6,13.9,14.1,14.7,16.0,16.9,17.6,car_noise
2025-05-26 22:47:00,33.6,35.5,43.4,30.3,31.5,28.8,28.8,36.3,27.6,32.3,40.1,32.2,32.4,31.0,28.3,27.6,24.1,22.1,21.8,25.5,27.4,23.9,23.0,18.9,13.7,11.9,14.9,13.6,13.9,14.1,14.7,16.0,16.9,17.6,car_noise
2025-05-26 22:47:01,32.7,33.3,44.6,26.9,32.4,30.3,32.0,35.1,24.3,35.9,41.3,30.4,32.1,31.8,29.1,28.6,22.8,22.2,21.6,22.9,24.2,22.4,21.8,19.8,14.1,12.1,15.3,13.3,13.6,14.2,14.9,15.9,16.9,17.6,car_noise
2025-05-26 22:47:02,32.0,32.9,43.4,29.1,27.0,27.5,36.5,42.4,27.7,36.5,37.6,32.4,31.5,31.4,28.7,28.6,22.7,22.7,21.3,22.3,23.4,21.6,21.5,18.7,13.1,11.9,15.1,13.6,14.0,14.1,14.7,15.9,17.0,17.7,car_noise
2025-05-26 22:47:03,30.8,31.6,43.9,30.4,24.1,25.4,28.6,36.8,30.4,30.4,40.0,34.0,30.3,29.9,27.8,27.4,24.0,21.8,20.4,20.1,20.6,18.6,19.1,16.2,12.3,11.9,14.7,13.5,13.8,14.2,14.7,15.9,16.9,17.6,car_noise
2025-05-26 22:47:04,30.6,31.7,43.3,27.9,30.4,27.8,32.2,35.3,35.7,31.8,37.2,29.9,26.6,30.1,29.2,30.2,23.6,20.9,19.9,20.5,19.2,16.9,16.5,14.6,11.3,11.4,15.1,13.4,14.0,14.3,14.7,16.1,16.8,17.5,car_noise
2025-05-26 22:47:05,31.0,31.8,44.0,26.5,27.3,23.0,31.1,34.6,32.6,33.6,36.0,29.2,32.4,33.5,29.0,27.9,22.7,20.8,20.6,20.9,20.2,18.1,16.0,14.4,11.8,11.7,15.1,13.6,14.0,14.2,14.8,16.0,17.0,17.6,car_noise
2025-05-26 22:47:06,31.0,31.8,43.1,25.6,29.0,30.5,31.6,33.6,35.0,31.7,41.1,33.2,29.6,29.8,29.2,24.6,22.4,21.0,22.1,23.5,22.7,20.4,17.5,15.0,11.8,11.4,14.9,13.6,13.8,14.2,14.7,15.8,16.9,17.6,car_noise
2025-05-26 22:47:07,30.5,31.2,43.7,31.9,32.3,34.4,28.1,36.3,32.7,32.2,38.2,29.9,30.1,29.8,27.9,24.0,21.1,21.1,22.0,23.5,21.6,18.7,16.1,14.1,11.2,11.5,14.9,13.3,13.8,14.1,14.6,15.9,17.0,17.6,car_noise
2025-05-26 22:47:08,30.5,31.2,43.2,27.1,29.8,25.8,36.0,29.6,31.9,32.6,38.1,29.3,30.8,31.5,28.3,25.8,21.3,21.2,22.5,23.8,20.6,17.4,15.5,13.7,10.8,11.3,14.5,13.2,13.7,14.1,14.5,16.0,17.0,17.6,car_noise
2025-05-26 22:47:09,29.9,30.4,43.2,24.7,30.6,30.3,35.3,28.8,30.0,31.2,36.8,31.3,30.7,30.4,27.2,25.1,20.7,21.5,22.0,22.2,19.5,16.3,14.5,13.1,10.6,11.1,13.9,13.3,13.8,14.1,14.6,15.9,16.8,17.6,car_noise
2025-05-26 22:47:10,28.4,29.3,42.5,29.9,28.1,33.2,33.5,29.4,32.7,32.5,38.1,29.9,30.9,28.4,24.2,23.3,20.0,18.8,20.1,20.1,18.9,15.2,13.3,11.8,10.8,11.4,14.4,13.7,13.7,14.1,14.7,15.9,16.9,17.6,car_noise
2025-05-26 22:47:11,29.2,30.3,42.4,25.5,26.4,33.3,37.4,29.1,27.7,34.8,37.7,25.7,29.0,28.1,29.2,22.9,21.0,18.9,19.3,20.7,20.4,17.6,15.1,13.6,10.9,11.3,14.6,13.3,13.8,14.1,14.8,16.1,17.0,17.5,car_noise
2025-05-26 22:47:12,29.8,30.3,42.5,30.7,31.1,27.7,34.3,31.8,27.1,31.1,38.5,27.2,28.6,30.9,26.0,25.4,21.9,21.0,18.5,21.7,20.5,19.7,16.0,12.9,10.3,11.3,14.8,13.6,13.8,14.0,14.5,15.9,16.9,17.6,car_noise
2025-05-26 22:47:13,29.0,30.2,41.8,32.1,28.5,32.8,33.8,30.2,31.2,34.8,39.1,28.0,29.1,31.0,26.7,23.0,22.6,18.4,18.5,20.3,19.3,17.3,14.8,12.9,11.1,11.7,15.0,13.6,14.1,14.3,14.9,16.1,17.1,17.7,car_noise
2025-05-26 22:47:14,28.1,28.7,40.8,28.9,29.9,23.9,30.5,30.9,24.4,29.7,35.8,28.7,31.2,26.7,24.9,20.6,20.5,19.3,17.8,19.6,19.1,15.6,14.6,12.8,10.5,11.4,15.0,13.5,13.9,14.2,14.6,16.1,17.0,17.6,car_noise
2025-05-26 22:47:15,27.6,28.2,41.1,20.7,30.1,26.6,28.7,27.6,25.8,31.1,34.3,28.9,29.3,24.1,23.5,19.1,20.4,18.3,18.1,19.4,18.9,16.1,14.0,12.6,10.3,11.4,15.0,13.4,13.9,14.1,14.7,16.0,16.8,17.6,car_noise
2025-05-26 22:47:16,27.9,28.4,39.8,25.7,30.0,25.5,32.0,29.2,28.5,28.3,34.7,25.9,27.5,25.6,24.1,21.7,20.7,18.1,17.8,20.3,19.9,16.7,14.8,13.4,10.6,11.4,14.8,13.3,13.9,14.0,14.6,16.1,17.0,17.6,car_noise
2025-05-26 22:47:17,28.0,29.0,40.8,26.0,29.0,23.8,28.2,31.4,28.4,34.6,34.1,27.0,24.8,24.8,24.1,21.2,21.0,18.8,18.3,20.1,20.0,18.1,15.4,13.6,10.7,11.5,15.0,13.3,13.8,14.0,14.7,16.0,16.9,17.5,car_noise
2025-05-26 23:09:25,40.3,41.6,55.0,39.4,40.2,36.3,34.1,39.2,46.9,49.4,49.7,43.1,46.4,42.9,39.4,34.0,28.8,27.5,26.6,33.0,29.0,25.2,23.4,20.1,14.0,12.1,13.1,13.2,14.1,14.4,14.8,15.9,16.9,17.7,car_noise
2025-05-26 23:09:26,37.7,39.6,51.5,41.6,42.7,39.5,37.2,39.9,45.5,48.4,46.3,37.8,39.4,39.5,35.9,32.1,27.6,24.9,26.9,30.7,29.7,25.4,23.2,18.1,13.2,11.7,14.4,13.3,13.9,14.2,14.7,16.0,16.9,17.7,car_noise
2025-05-26 23:09:27,36.2,37.1,49.4,38.2,40.1,38.3,33.9,36.3,42.5,41.5,39.3,36.4,39.8,37.8,33.6,31.1,27.8,24.3,24.9,28.6,27.2,23.5,22.1,17.0,12.5,11.5,14.3,13.3,13.7,14.3,14.6,15.9,17.0,17.4,car_noise
2025-05-26 23:09:28,37.8,39.0,50.8,40.8,41.9,37.0,35.9,38.1,37.4,40.7,43.4,35.1,37.9,39.5,37.4,34.3,32.7,26.1,27.8,28.3,27.9,21.9,20.4,16.2,12.0,11.3,13.0,12.9,13.5,14.1,14.9,15.9,16.8,17.6,car_noise
2025-05-26 23:09:29,36.9,38.2,50.3,41.2,37.5,36.7,40.4,37.0,41.4,43.5,45.8,41.7,40.9,38.1,36.6,31.5,28.2,24.4,26.1,29.8,28.1,22.9,19.6,15.2,11.7,11.2,13.5,12.9,13.7,14.1,14.7,16.0,16.9,17.5,car_noise
2025-05-26 23:09:30,36.5,37.2,48.1,40.5,39.2,39.1,32.2,37.4,35.6,41.0,42.1,36.6,37.6,33.9,28.9,28.2,25.3,24.3,26.8,31.0,31.9,24.4,19.5,15.6,11.5,11.4,14.4,13.3,13.9,14.1,14.8,16.0,16.9,17.7,car_noise
2025-05-26 23:09:31,36.3,37.0,47.5,38.4,39.8,40.2,27.7,36.6,38.9,43.0,39.6,30.3,31.7,32.7,31.8,27.0,24.1,23.0,27.0,30.2,31.6,25.8,22.1,17.4,12.3,11.2,14.5,13.3,13.8,14.1,14.6,16.0,16.9,17.6,car_noise
2025-05-26 23:09:32,39.6,41.5,47.5,35.1,41.8,35.8,25.8,32.6,37.2,38.2,34.0,31.9,34.4,31.8,31.4,28.6,25.3,26.7,30.1,33.6,35.0,30.2,28.6,23.1,15.3,12.1,14.1,13.2,13.7,13.9,14.6,15.9,16.9,17.6,car_noise
2025-05-26 23:09:33,40.9,41.6,47.2,42.3,43.7,35.8,37.0,30.9,40.8,39.4,34.4,35.3,38.2,34.5,31.2,29.5,26.6,26.9,30.7,36.0,36.5,31.6,29.1,22.8,16.1,12.4,14.8,13.4,13.7,14.1,14.6,15.8,16.9,17.6,car_noise
2025-05-26 23:09:34,38.9,40.0,48.9,41.7,38.5,35.8,30.8,33.9,42.1,38.0,37.6,31.4,33.8,35.9,32.7,32.9,27.8,25.9,27.7,29.6,32.6,31.1,29.1,24.8,16.8,12.4,14.3,13.4,13.8,14.0,14.7,15.9,16.8,17.6,car_noise
2025-05-26 23:09:35,40.5,41.7,50.7,41.7,41.2,36.3,32.6,37.9,38.2,41.6,41.7,36.9,38.7,38.5,32.9,33.0,29.1,26.7,26.6,33.2,35.7,30.5,30.5,26.4,18.9,13.1,14.5,13.2,13.8,14.2,14.7,16.1,16.9,17.5,car_noise
2025-05-26 23:09:36,39.8,40.9,49.8,39.5,43.6,36.3,33.5,38.2,41.1,41.3,45.1,41.2,35.6,36.5,32.7,30.9,27.1,25.0,26.3,29.7,35.3,30.8,31.1,27.0,18.3,14.2,14.9,13.5,13.8,14.4,14.6,16.1,16.8,17.6,car_noise
2025-05-26 23:09:37,36.0,38.1,48.9,35.2,37.2,37.8,37.5,32.5,39.5,44.4,44.2,37.8,34.1,35.7,30.0,29.1,26.5,23.6,23.2,28.4,29.5,26.1,25.7,20.8,14.1,12.0,13.7,13.0,13.9,14.3,14.7,15.9,16.8,17.5,car_noise
2025-05-26 23:09:38,32.9,34.4,47.4,42.1,40.2,44.4,41.1,38.0,40.9,42.1,38.5,31.9,33.5,33.2,27.3,27.9,26.5,23.6,22.4,23.7,25.3,21.6,21.6,16.2,11.9,11.9,14.1,13.2,13.9,14.1,14.7,16.0,16.9,17.7,car_noise
2025-05-26 23:09:39,30.9,31.9,45.7,38.0,38.2,41.9,34.3,35.1,38.2,37.2,31.9,27.6,32.5,32.8,26.9,26.4,24.3,22.0,22.4,21.7,21.9,17.4,16.8,14.0,11.5,11.8,14.6,13.7,14.2,14.3,14.7,15.9,16.9,17.6,car_noise
2025-05-26 23:09:40,31.4,32.1,45.9,39.2,39.2,38.3,32.7,32.7,36.4,35.6,34.8,31.8,33.6,34.1,25.5,26.0,24.0,21.0,23.1,22.0,22.1,18.0,16.3,14.5,13.0,11.4,14.8,13.5,13.7,14.4,14.7,15.9,16.9,17.6,car_noise
2025-05-26 23:09:41,31.7,32.4,47.3,37.9,41.7,37.1,39.9,35.5,38.5,46.0,39.4,33.8,32.0,34.6,27.4,27.5,25.2,20.0,20.5,21.6,22.3,18.5,17.4,14.8,11.6,11.1,14.5,13.4,13.8,14.0,14.7,15.9,16.7,17.6,car_noise
2025-05-26 23:09:42,32.3,34.4,48.2,30.4,35.0,40.7,38.8,35.4,43.5,40.9,38.9,37.5,28.8,29.3,25.1,28.8,27.4,21.8,22.4,22.0,23.0,18.3,16.9,13.3,11.1,11.2,14.8,13.3,13.8,14.0,14.7,16.0,17.0,17.5,car_noise
2025-05-26 23:09:43,35.7,36.7,51.7,31.7,37.8,37.9,32.8,35.6,42.2,42.8,44.5,42.6,35.4,37.3,31.0,32.5,27.3,24.1,22.9,24.4,25.8,21.0,18.0,15.5,11.1,11.0,12.6,12.9,14.0,14.2,14.6,15.8,16.8,17.6,car_noise
2025-05-26 23:09:44,34.5,36.0,51.4,34.2,44.8,40.5,31.3,36.7,44.3,44.6,46.1,42.1,37.6,34.2,27.3,29.8,26.4,21.4,22.7,22.2,25.6,20.8,16.1,13.5,10.8,11.2,14.7,13.3,13.8,14.1,14.6,15.9,17.0,17.6,car_noise
2025-05-26 23:09:45,32.5,34.5,49.0,30.0,45.5,37.4,37.8,35.6,42.8,46.7,43.5,38.0,33.4,31.8,25.9,27.8,25.0,22.8,24.8,20.3,22.2,18.0,14.8,12.9,10.6,11.4,14.7,13.4,13.9,13.9,14.6,16.0,16.8,17.6,car_noise
2025-05-26 23:10:06,41.6,43.2,46.4,33.6,39.3,37.8,30.7,32.0,31.3,35.9,32.0,34.0,27.9,28.6,30.3,32.8,31.8,32.6,36.9,37.1,35.2,29.4,26.4,19.8,15.0,12.3,14.2,13.4,13.9,14.2,14.6,15.9,16.9,17.6,car_noise
2025-05-26 23:10:07,42.0,42.9,47.0,35.9,38.8,36.9,35.0,33.5,34.3,32.0,33.5,32.9,29.1,26.8,28.6,28.6,30.1,31.7,35.4,37.3,36.5,33.8,28.2,20.0,14.7,12.1,14.7,13.5,13.6,14.0,14.6,15.9,16.9,17.5,car_noise
2025-05-26 23:10:08,39.8,41.0,46.3,37.2,40.9,40.5,38.4,32.1,33.8,31.3,36.1,37.7,31.2,28.5,28.5,27.9,26.8,28.3,32.9,35.5,33.5,31.6,26.1,18.9,13.9,12.2,14.4,13.3,13.7,14.2,14.7,15.9,16.9,17.6,car_noise
2025-05-26 23:10:09,38.4,39.7,46.5,30.6,38.6,38.3,38.8,36.3,35.3,37.0,37.5,31.7,28.6,27.2,27.4,26.7,24.9,25.9,30.1,33.7,32.7,30.9,26.2,19.0,14.3,12.6,14.5,13.5,14.0,14.1,14.7,15.9,16.9,17.7,car_noise
2025-05-26 23:10:10,34.9,36.5,47.9,34.1,36.9,38.7,38.3,39.4,38.6,38.1,41.8,37.0,30.7,28.7,26.7,26.4,24.3,25.8,26.9,28.4,27.1,25.6,22.3,18.2,14.5,11.9,13.7,13.2,13.8,14.2,14.8,15.8,16.9,17.6,car_noise
2025-05-26 23:10:11,34.5,38.9,48.7,42.9,38.1,37.7,36.4,41.7,40.2,40.8,43.0,38.4,34.5,30.9,27.6,26.8,24.7,25.1,24.6,24.6,24.1,21.2,19.7,17.5,15.6,17.6,19.2,18.1,17.5,15.8,15.6,16.1,16.9,17.5,car_noise
2025-05-26 23:10:12,38.6,42.8,49.0,35.9,39.9,35.5,35.0,37.0,35.5,41.6,42.5,39.6,34.3,28.9,28.3,27.5,26.2,29.1,25.5,26.4,25.2,23.2,25.1,25.8,25.9,27.6,26.9,24.2,24.2,20.8,19.7,18.6,17.5,17.6,car_noise
2025-05-26 23:10:13,35.0,40.9,48.0,29.8,34.5,38.9,41.6,40.7,36.1,41.2,41.5,38.9,32.4,28.5,26.7,27.0,24.2,24.5,23.2,24.3,23.5,21.3,21.1,20.9,21.2,22.1,20.3,18.2,17.8,16.4,16.3,16.8,17.1,17.6,car_noise
2025-05-26 23:10:14,31.6,32.6,47.7,38.8,37.0,42.8,36.2,37.2,40.2,37.4,37.3,34.3,28.2,29.0,25.9,27.4,24.4,21.9,21.9,22.9,23.5,19.4,18.0,15.9,12.6,12.6,13.8,13.3,13.9,14.2,14.8,15.8,16.8,17.5,car_noise
2025-05-26 23:10:15,32.1,32.8,46.8,41.3,40.0,39.8,38.2,38.7,36.3,37.0,40.7,29.6,29.6,30.0,26.9,28.2,25.3,22.6,23.3,24.8,24.1,20.5,18.1,15.4,12.9,11.6,14.4,13.4,13.7,14.1,14.4,15.9,17.0,17.6,car_noise
2025-05-26 23:10:16,33.1,34.4,48.2,37.1,44.6,39.7,39.7,39.5,33.8,40.5,36.8,33.2,28.7,28.1,27.3,29.3,26.0,24.3,23.9,25.3,24.9,21.2,17.9,15.6,12.9,12.4,15.0,14.0,14.5,14.6,15.0,16.1,16.9,17.5,car_noise
2025-05-26 23:10:17,34.1,35.0,49.8,37.2,39.2,37.7,38.1,38.6,41.0,42.6,43.1,40.8,34.3,28.7,28.3,28.6,26.2,24.1,24.6,25.4,24.9,22.6,19.5,16.3,12.7,11.8,14.6,13.4,13.7,14.1,14.6,16.0,16.9,17.6,car_noise
2025-05-26 23:10:18,34.3,34.9,50.0,36.6,41.0,32.7,41.4,44.8,36.8,41.2,44.8,41.8,34.8,30.8,30.2,28.2,27.3,24.4,22.8,24.9,24.5,22.8,20.6,16.4,12.6,12.0,12.9,13.0,13.8,14.0,14.8,16.0,16.8,17.6,car_noise
2025-05-26 23:10:19,34.3,35.0,50.1,39.5,42.1,41.8,43.9,41.5,38.8,40.6,42.7,40.6,36.3,31.6,31.9,27.1,26.1,25.6,24.4,26.5,25.4,22.4,19.3,16.0,12.5,11.7,13.0,13.1,13.9,14.1,14.7,15.8,16.9,17.6,car_noise
2025-05-26 23:10:20,34.9,35.9,51.8,33.4,38.9,41.3,39.9,41.7,35.9,44.4,47.2,42.2,36.2,30.4,29.3,25.8,25.8,24.7,24.8,27.6,25.2,22.1,19.5,15.3,11.9,11.7,14.6,13.3,13.9,14.1,14.6,15.9,16.9,17.6,car_noise
2025-05-26 23:10:21,34.6,36.0,52.9,35.9,40.5,41.4,46.0,43.5,40.8,46.5,44.1,40.9,37.8,30.0,31.4,26.2,24.3,22.9,23.6,25.4,23.5,20.6,18.4,14.6,11.7,11.8,14.4,13.2,13.8,14.1,14.6,15.8,16.8,17.5,car_noise
2025-05-26 23:10:22,34.6,35.5,53.0,41.5,49.2,42.6,45.4,43.8,40.1,46.0,44.0,42.9,37.2,32.3,31.2,26.5,24.3,22.5,24.0,25.8,24.8,21.8,18.3,13.9,11.5,11.4,13.0,12.9,13.9,14.0,14.8,15.9,16.8,17.6,car_noise
2025-05-26 23:10:23,34.2,34.9,52.1,36.1,47.0,40.9,46.1,44.6,43.0,43.6,46.5,43.0,35.7,31.2,30.5,26.3,23.8,21.1,22.4,24.6,23.6,20.8,17.9,13.8,11.4,11.6,14.8,13.3,13.9,14.2,14.6,15.9,16.9,17.6,car_noise
2025-05-26 23:10:24,33.1,34.4,51.9,40.3,45.1,42.4,42.7,42.8,42.0,41.3,44.7,43.6,34.6,29.1,26.7,22.9,21.6,20.0,20.7,23.1,22.0,18.2,15.7,13.8,11.9,11.8,14.6,13.4,14.0,14.2,14.6,16.0,16.9,17.6,car_noise
2025-05-26 23:10:25,31.0,31.9,50.0,36.4,41.9,39.3,40.8,45.6,37.4,41.9,41.8,39.0,34.1,28.2,26.5,23.9,21.9,20.8,20.6,22.0,22.2,17.8,14.7,13.1,11.3,11.8,14.2,13.2,13.9,14.1,14.7,16.0,16.9,17.6,car_noise
2025-05-26 23:10:26,30.4,30.9,48.1,38.6,41.8,39.8,47.8,45.7,36.7,42.7,39.3,35.0,32.8,29.7,27.3,23.2,22.0,20.7,21.9,22.1,20.9,18.2,15.4,13.7,11.9,11.7,14.3,13.3,13.9,14.1,14.7,16.0,16.9,17.6,car_noise
2025-05-26 23:16:45,39.6,41.4,47.0,35.5,37.8,36.1,36.3,37.6,36.1,31.0,35.5,37.9,32.8,30.4,30.9,27.2,26.8,26.1,28.5,35.3,33.8,29.4,27.3,26.3,20.5,14.4,14.4,13.1,13.8,13.9,14.5,15.9,16.9,17.5,car_noise
2025-05-26 23:16:46,39.0,41.2,46.5,31.9,37.6,32.2,36.5,39.7,37.8,33.9,33.0,34.1,34.5,32.8,30.1,27.9,26.1,26.2,28.3,34.0,31.7,29.5,29.5,27.2,22.6,16.5,14.3,13.1,13.7,14.1,14.7,15.9,16.8,17.5,car_noise
2025-05-26 23:16:47,33.9,34.7,46.7,34.8,36.2,31.1,40.2,38.8,38.1,33.5,37.1,34.3,29.1,29.5,29.2,26.2,25.1,23.9,25.6,27.3,26.0,24.6,22.0,17.8,12.8,11.9,14.3,13.2,14.0,14.3,14.6,15.9,16.9,17.5,car_noise
2025-05-26 23:16:48,33.0,33.9,48.0,35.8,34.1,34.9,37.4,40.3,42.2,35.9,40.9,36.2,34.1,32.2,29.9,25.4,24.1,23.3,23.6,26.5,23.4,21.1,19.0,16.8,12.5,11.8,13.4,12.8,14.0,13.9,14.5,16.0,16.9,17.5,car_noise
2025-05-26 23:16:49,31.6,32.3,47.8,35.0,37.1,38.5,36.1,40.7,41.2,37.1,38.6,36.1,31.6,31.4,29.9,26.0,21.6,20.7,22.6,24.3,22.6,20.5,18.4,15.8,12.2,11.5,13.7,13.4,13.9,13.9,14.9,15.9,16.8,17.5,car_noise
2025-05-26 23:16:50,31.0,31.6,45.1,33.4,37.1,37.1,38.1,36.9,40.7,34.4,33.0,30.8,30.4,30.0,26.8,24.0,23.4,22.1,22.8,24.3,22.8,19.3,17.1,15.2,12.1,11.8,14.1,13.4,14.1,14.2,14.6,16.0,16.9,17.7,car_noise
2025-05-26 23:16:51,31.3,32.9,44.8,35.7,39.0,34.5,33.6,36.6,37.7,33.0,32.8,33.5,28.8,29.2,26.7,25.5,23.4,21.5,23.1,23.4,23.4,20.0,17.8,16.4,12.0,11.4,14.7,13.2,13.8,14.1,14.6,16.0,16.7,17.4,car_noise
2025-05-26 23:16:52,32.5,33.3,46.7,36.1,33.0,32.2,34.5,42.0,38.0,33.3,39.4,32.8,34.7,32.6,31.8,26.9,22.9,22.2,22.7,25.1,23.9,19.6,17.6,15.8,11.7,11.2,14.7,13.1,13.8,14.0,14.8,15.9,16.9,17.5,car_noise
2025-05-26 23:16:53,32.7,33.7,46.6,34.0,36.7,33.3,39.4,43.5,40.2,36.1,37.4,33.3,32.6,31.1,29.5,25.4,23.9,23.8,24.8,26.5,23.9,20.9,18.6,16.6,12.6,11.5,13.8,13.3,13.8,14.0,14.7,16.1,16.8,17.5,car_noise
2025-05-26 23:16:54,33.4,34.2,46.3,29.1,36.2,37.4,36.8,38.8,40.4,39.0,36.5,33.5,35.1,33.9,30.6,28.9,26.3,23.9,24.6,25.9,24.0,21.6,18.8,16.0,12.5,11.7,14.9,13.4,13.9,13.9,14.7,15.9,16.7,17.6,car_noise
2025-05-26 23:16:55,33.9,34.7,47.4,36.4,33.6,36.3,33.2,39.5,40.4,35.2,35.4,31.6,36.1,34.7,32.5,27.2,26.4,24.2,25.0,26.0,25.1,23.4,19.5,15.9,12.1,11.6,14.7,13.6,13.8,14.2,14.6,15.8,16.8,17.6,car_noise
2025-05-26 23:16:56,33.5,34.5,47.0,35.2,36.7,32.0,37.4,44.7,40.9,35.3,35.6,34.8,34.6,34.7,31.6,28.5,25.3,23.2,25.9,25.8,24.4,21.2,18.7,15.6,12.2,11.8,14.6,13.6,13.9,14.1,14.7,15.9,16.8,17.5,car_noise
2025-05-26 23:16:57,32.8,33.4,45.9,30.6,29.8,30.1,38.7,39.6,37.9,36.5,37.0,36.2,32.9,32.5,30.0,26.8,23.0,22.0,24.2,25.7,24.4,23.1,18.5,16.4,12.0,11.6,14.2,13.3,13.9,14.0,14.7,16.0,16.9,17.6,car_noise
2025-05-26 23:16:58,34.1,34.8,45.1,27.9,38.1,33.7,40.1,38.1,41.3,40.4,29.0,35.4,31.6,33.7,28.4,25.3,23.2,21.4,25.0,27.7,28.1,24.2,22.5,16.9,12.2,11.8,14.0,13.2,13.8,14.2,14.7,15.9,16.7,17.4,car_noise
2025-05-26 23:16:59,34.9,35.4,46.2,30.6,30.5,31.5,32.9,36.5,36.3,37.0,33.2,31.7,32.2,36.8,30.3,27.0,25.4,22.1,23.1,25.6,27.9,26.1,24.0,19.7,13.6,12.0,13.7,13.2,13.8,14.1,14.6,16.1,16.9,17.6,car_noise
2025-05-26 23:17:00,35.7,36.2,46.9,26.0,35.8,38.3,39.6,38.9,40.1,40.7,34.1,34.4,36.1,35.1,31.8,26.3,23.3,22.1,25.2,27.3,29.2,25.6,26.9,22.8,14.7,12.0,14.1,13.5,14.1,14.0,14.7,15.9,16.9,17.6,car_noise
2025-05-26 23:17:01,34.2,35.1,46.2,35.5,42.2,37.0,35.2,37.7,37.8,30.4,33.8,36.9,35.5,33.9,30.6,26.2,24.1,22.9,24.7,25.9,26.8,23.6,23.4,20.5,14.2,12.3,14.7,13.4,14.1,14.0,14.7,15.9,16.9,17.5,car_noise
2025-05-26 23:17:02,34.0,34.5,46.7,32.9,37.7,35.1,34.1,43.3,35.3,36.6,34.6,35.5,36.0,34.8,31.1,27.2,25.6,23.4,24.2,26.7,25.3,23.1,22.1,18.7,14.1,12.5,14.8,13.5,14.0,14.2,14.7,16.1,16.8,17.5,car_noise
2025-05-26 23:17:03,34.2,34.8,46.7,38.0,31.7,40.0,28.9,40.0,40.1,34.1,37.1,35.9,36.6,34.6,32.0,28.2,29.2,25.8,24.7,26.1,24.9,21.9,20.4,18.2,13.7,12.2,15.4,13.6,14.0,14.3,14.7,15.9,16.9,17.5,car_noise
2025-05-26 23:17:04,33.9,34.8,46.6,38.4,41.4,35.6,37.0,40.2,44.6,36.5,37.7,37.2,36.2,32.8,29.6,27.8,28.4,25.1,24.6,26.5,25.9,21.3,19.5,17.5,14.1,11.9,13.8,13.0,13.9,14.1,14.4,15.9,16.8,17.5,car_noise
2025-05-26 23:17:05,33.5,34.1,46.1,31.6,35.7,40.2,36.0,39.0,38.3,33.2,31.9,36.0,35.6,32.5,30.5,27.0,26.7,24.4,25.7,26.7,25.3,20.4,19.1,16.8,13.0,11.5,14.5,12.9,13.6,14.0,14.7,15.9,16.9,17.6,car_noise
2025-05-27 01:32:01,37.0,37.6,49.7,37.0,32.7,33.3,35.2,39.1,41.6,39.6,34.3,38.9,35.9,33.6,31.1,26.5,25.8,26.0,28.1,31.5,31.1,26.9,24.3,19.4,14.4,12.1,12.3,12.7,13.5,14.2,14.4,15.8,16.8,17.5,car_noise
2025-05-27 01:32:02,37.4,38.3,48.9,39.7,29.3,32.7,40.1,38.3,33.2,38.5,35.1,40.8,35.9,34.7,31.4,28.4,26.1,24.5,28.6,32.4,30.6,26.7,24.9,21.2,16.7,13.3,12.7,12.8,13.6,14.0,14.6,15.9,16.8,17.4,car_noise
2025-05-27 01:32:03,40.1,41.7,49.1,37.5,27.6,33.2,35.8,37.6,38.0,35.9,37.1,36.2,34.8,34.1,31.2,27.6,26.6,27.7,29.2,34.0,33.6,31.2,31.2,27.9,21.5,15.3,13.3,12.6,13.7,14.2,14.7,15.9,16.7,17.4,car_noise
2025-05-27 01:32:04,42.1,43.1,49.2,39.4,34.1,30.7,35.5,37.7,34.9,37.4,37.5,36.1,34.7,33.5,30.8,28.3,27.8,29.9,33.8,35.6,36.8,33.9,31.8,27.6,21.5,15.9,14.2,12.9,13.8,14.0,14.6,15.8,16.8,17.4,car_noise
2025-05-27 01:32:05,41.3,43.1,49.1,37.8,30.9,35.2,32.3,32.3,33.7,38.8,37.7,38.8,35.2,35.0,31.9,29.7,28.9,27.3,31.0,35.8,36.3,31.1,30.3,27.2,22.9,17.5,13.8,12.9,13.7,14.1,14.5,15.9,16.9,17.6,car_noise
2025-05-27 01:32:06,39.8,40.7,49.1,38.4,28.3,34.2,39.1,38.4,38.8,40.4,40.6,41.1,36.7,33.3,30.8,29.5,29.5,29.1,30.0,33.7,33.4,32.3,29.8,23.8,18.3,13.0,12.9,12.8,13.7,14.1,14.6,15.9,16.8,17.5,car_noise
2025-05-27 01:32:07,39.0,39.8,48.8,36.0,36.2,29.4,36.4,35.0,32.6,36.1,34.5,34.0,34.9,33.0,30.4,28.4,27.2,27.3,29.7,32.7,32.8,30.4,27.6,25.1,19.2,14.9,13.6,13.1,13.8,14.1,14.7,16.1,16.9,17.5,car_noise
2025-05-27 01:32:08,41.7,43.3,49.6,36.2,31.7,37.1,36.6,33.2,35.1,35.5,35.3,35.9,31.9,30.7,29.0,26.6,27.3,28.4,31.1,33.9,36.5,34.7,32.0,28.5,22.9,16.8,14.1,12.8,13.7,14.2,14.5,15.9,16.8,17.5,car_noise
2025-05-27 01:32:09,43.0,43.6,50.3,36.4,31.7,30.8,35.3,37.7,40.1,36.2,36.8,37.3,34.9,33.1,30.7,26.8,28.0,28.4,34.8,38.4,37.2,34.2,32.3,26.7,23.2,17.4,14.0,13.0,13.9,14.1,14.7,15.9,16.7,17.5,car_noise
2025-05-27 01:32:10,40.9,42.9,49.3,38.2,31.8,29.7,38.5,34.0,35.9,38.6,37.1,36.1,36.9,34.9,31.1,29.0,28.4,27.5,32.1,35.8,34.3,31.3,30.7,25.9,20.6,13.8,13.2,12.8,13.7,14.0,14.5,15.9,16.8,17.5,car_noise
2025-05-27 01:32:11,39.3,40.1,49.3,35.8,30.1,35.4,34.7,36.8,33.0,40.4,36.9,36.3,37.5,32.8,30.4,28.4,28.0,28.2,30.1,34.0,32.5,30.1,29.1,23.0,18.5,13.3,13.1,12.8,13.7,14.1,14.7,15.9,16.8,17.5,car_noise
2025-05-27 01:32:12,38.5,39.2,48.6,39.0,31.3,29.1,35.8,41.1,41.5,37.9,35.2,38.7,32.9,31.5,29.0,25.8,26.1,26.5,29.7,33.5,31.7,30.0,28.3,24.4,17.4,13.2,13.0,12.9,13.8,14.1,14.4,15.8,16.9,17.5,car_noise
2025-05-27 01:32:13,40.0,41.2,48.7,37.3,30.0,31.1,37.5,37.3,32.2,33.8,33.7,38.5,32.2,33.8,33.9,27.7,27.1,27.5,30.8,34.1,33.6,31.4,30.0,25.3,18.1,12.9,13.0,13.0,13.8,13.9,14.7,15.9,16.8,17.6,car_noise
2025-05-27 01:32:14,40.6,41.7,49.0,39.2,31.7,33.8,35.8,37.0,40.4,39.4,41.3,35.2,35.4,34.6,32.2,27.7,27.3,29.1,31.9,35.9,34.2,31.0,31.1,24.5,18.5,12.9,13.3,13.6,14.3,14.6,15.0,16.1,16.8,17.5,car_noise
2025-05-27 01:32:15,38.5,39.8,48.0,35.0,29.6,34.0,33.7,38.2,41.2,38.8,36.9,38.7,35.3,34.9,32.3,26.8,28.4,27.6,29.2,32.9,31.8,28.8,27.9,21.8,16.0,12.4,12.6,12.9,13.6,13.9,14.6,15.8,16.9,17.6,car_noise
2025-05-27 01:32:16,39.7,40.2,48.4,39.3,30.2,29.7,31.1,38.8,36.6,34.1,40.4,36.8,36.8,33.1,29.6,27.9,29.3,30.3,33.0,34.2,32.7,30.4,29.6,24.5,18.1,12.4,13.0,12.8,13.7,14.0,14.6,16.0,16.9,17.5,car_noise
2025-05-27 01:32:17,38.8,39.4,48.6,35.5,33.7,30.1,31.8,36.9,36.1,34.8,36.7,35.8,33.5,33.1,29.0,28.4,28.8,27.4,30.4,32.5,31.3,30.6,30.1,24.0,17.9,12.5,12.9,12.8,13.7,14.0,14.6,15.9,16.8,17.5,car_noise
2025-05-27 01:32:18,38.7,39.3,47.8,37.4,31.7,32.3,35.5,37.2,36.8,37.2,38.2,36.4,30.2,31.8,28.6,27.0,27.7,27.6,30.6,33.2,32.2,30.1,28.6,24.2,17.6,12.1,12.8,12.7,13.7,14.0,14.6,15.9,16.8,17.5,car_noise
2025-05-27 01:32:19,37.9,38.7,48.2,34.7,36.4,35.1,35.0,35.5,32.3,36.5,34.7,33.5,33.2,31.6,28.5,27.3,28.4,28.2,29.0,32.3,31.4,28.7,27.2,22.4,15.5,12.5,13.0,12.6,13.7,14.2,14.7,15.8,16.7,17.6,car_noise
2025-05-27 01:32:20,37.1,37.9,48.3,37.9,32.4,33.4,36.8,37.9,43.0,34.8,38.9,34.6,32.3,30.3,27.5,26.7,27.6,26.7,28.3,31.5,29.8,27.9,27.3,21.8,15.1,12.1,12.8,12.9,13.7,14.0,14.6,15.8,16.9,17.5,car_noise
2025-05-27 01:32:21,36.9,37.8,47.8,38.4,27.3,30.3,33.5,37.7,38.4,34.8,33.9,33.0,33.6,30.3,25.0,26.2,26.8,26.9,30.1,30.3,28.8,29.2,28.4,21.3,14.6,12.0,12.6,13.0,13.7,14.1,14.7,15.9,16.9,17.4,car_noise
2025-05-27 04:33:31,44.3,45.0,51.9,41.6,31.7,25.3,30.6,35.4,38.0,32.0,37.5,35.6,32.9,30.2,30.7,30.3,29.4,29.8,32.2,37.1,39.2,36.8,34.7,32.8,26.7,20.2,14.1,12.9,13.6,14.0,14.5,15.8,16.8,17.6,car_noise
2025-05-27 04:33:32,41.3,44.1,51.5,40.9,34.6,36.1,37.5,36.8,39.4,33.0,36.9,34.1,33.5,29.5,30.2,29.1,27.9,27.1,29.5,34.2,36.8,31.6,30.8,28.4,21.9,15.3,13.5,12.7,13.7,14.0,14.6,15.9,16.8,17.5,car_noise
2025-05-27 04:33:33,38.1,39.1,51.3,42.0,34.7,35.7,34.3,39.6,39.7,27.9,41.1,37.9,37.1,29.0,31.0,28.2,26.2,25.6,27.2,31.3,32.6,29.0,28.2,25.8,18.8,13.7,13.0,12.7,13.8,14.1,14.6,16.0,16.8,17.4,car_noise
2025-05-27 04:33:34,37.0,37.5,51.0,40.5,36.7,32.4,37.4,40.2,35.4,32.0,38.7,34.5,34.1,30.0,30.2,28.4,27.6,25.6,28.0,31.3,31.4,26.4,25.2,23.3,17.4,13.7,13.5,12.5,13.6,14.0,14.6,15.8,16.8,17.6,car_noise
2025-05-27 04:33:35,37.1,38.1,51.3,40.5,33.3,40.1,39.9,38.5,41.2,33.7,34.2,35.3,32.1,30.5,28.2,27.6,27.3,26.0,29.4,31.1,31.7,26.8,25.2,22.6,17.1,13.6,13.5,12.8,13.8,13.8,14.7,15.9,16.9,17.5,car_noise
2025-05-27 04:33:36,35.4,37.0,51.0,41.7,31.4,37.1,30.6,41.6,38.2,37.4,37.9,36.5,32.2,27.4,27.8,26.9,25.7,24.6,26.9,28.6,29.5,25.2,23.8,21.1,15.8,12.7,13.4,13.0,13.8,14.3,14.6,15.8,16.8,17.6,car_noise
2025-05-27 04:33:37,33.5,34.4,50.8,40.4,35.7,35.5,36.1,39.3,37.9,32.5,35.6,39.0,30.8,27.6,27.5,25.6,24.8,23.6,24.6,26.7,26.8,22.7,22.0,19.8,15.1,12.7,13.5,12.6,13.7,14.0,14.4,15.9,16.8,17.5,car_noise
2025-05-27 04:33:38,33.1,33.6,50.1,40.3,33.3,34.2,30.7,36.1,34.0,34.0,36.4,35.8,30.1,28.3,28.7,25.7,24.2,24.8,24.0,26.0,26.2,21.8,20.8,18.9,14.7,12.6,13.7,12.7,13.7,14.1,14.6,15.9,16.9,17.5,car_noise
2025-05-27 04:33:39,32.9,33.3,50.1,40.3,33.3,32.0,29.6,35.1,35.4,34.7,35.2,35.8,33.1,28.6,29.3,25.1,24.1,23.9,25.2,26.2,25.9,21.1,20.2,18.3,14.2,12.4,13.7,12.5,13.8,14.0,14.6,15.9,16.8,17.4,car_noise
2025-05-27 04:33:40,33.1,33.7,50.7,40.5,35.5,26.5,29.6,38.1,31.5,34.3,31.7,36.5,30.4,30.2,28.1,25.5,25.2,24.5,24.4,27.2,26.6,20.6,19.1,17.7,13.2,11.8,13.5,12.7,13.8,14.1,14.6,15.8,16.8,17.5,car_noise
2025-05-27 04:33:41,32.3,33.1,50.0,40.9,38.7,35.2,37.3,38.7,36.8,32.2,36.1,33.9,27.9,28.9,28.5,25.8,23.6,22.2,24.8,25.5,25.3,21.2,18.7,16.6,12.4,11.5,13.5,12.8,13.8,14.1,14.7,15.8,16.8,17.5,car_noise
2025-05-27 04:33:42,32.1,32.7,50.4,42.6,38.9,37.2,36.3,36.7,43.0,38.9,38.9,37.0,31.5,29.0,27.6,25.4,24.0,22.4,24.7,25.2,24.0,19.6,17.9,16.3,11.8,11.4,13.5,12.8,13.9,14.0,14.5,15.9,16.7,17.6,car_noise
2025-05-27 04:33:43,31.5,32.3,49.7,38.9,35.5,38.1,34.6,39.2,40.5,36.6,31.6,38.7,32.2,31.4,26.8,24.0,23.0,22.5,23.9,24.1,22.9,19.0,17.5,15.4,11.6,11.7,13.5,12.7,13.7,14.0,14.5,15.9,16.8,17.5,car_noise
2025-05-27 04:33:44,31.1,31.7,49.5,37.5,37.2,34.6,36.4,35.7,35.8,34.5,35.9,37.1,28.4,30.4,26.4,24.4,23.4,22.2,23.3,24.2,22.9,18.9,16.5,15.1,11.1,11.5,13.5,12.8,13.7,14.1,14.6,15.8,16.9,17.6,car_noise
2025-05-27 04:33:45,30.1,30.8,48.3,42.1,36.6,34.7,31.2,34.7,36.1,34.7,32.8,34.5,29.4,30.0,26.4,23.1,22.1,21.7,22.2,22.9,22.3,18.0,15.6,14.4,10.9,11.4,13.5,12.5,13.8,14.0,14.5,15.7,16.8,17.5,car_noise
2025-05-27 04:33:46,30.4,30.9,49.3,42.4,39.0,32.0,34.8,32.9,34.6,31.3,32.0,36.1,27.2,30.4,27.9,24.7,22.8,20.9,22.8,23.1,21.3,17.0,15.2,14.6,11.1,11.4,13.4,12.5,13.7,13.9,14.5,16.0,16.8,17.4,car_noise
2025-05-27 04:33:47,30.0,31.1,47.8,39.2,41.3,34.0,30.4,33.8,37.5,35.5,34.8,38.6,29.9,29.4,26.7,24.1,22.1,21.2,21.8,22.1,20.8,16.8,14.5,14.2,10.7,11.1,13.3,12.8,13.7,14.0,14.5,15.8,16.7,17.6,car_noise
2025-05-27 04:33:48,30.1,30.9,47.9,35.9,35.5,35.7,35.8,33.3,32.6,34.8,32.2,35.5,29.8,30.1,26.4,24.6,22.7,21.4,22.1,22.1,20.7,16.7,14.4,14.1,10.8,11.5,13.3,12.8,14.1,13.9,14.6,15.9,16.7,17.4,car_noise
2025-05-27 04:33:49,30.1,30.9,48.0,41.0,36.2,32.8,35.3,36.1,36.1,37.8,35.2,37.0,29.0,30.7,25.6,24.9,22.8,21.4,22.6,21.5,20.9,16.5,14.4,13.5,10.8,11.8,13.1,12.5,13.7,14.0,14.4,15.9,16.9,17.6,car_noise
2025-05-27 04:33:50,30.6,31.2,46.0,38.7,40.7,38.5,33.4,35.7,38.3,35.6,34.4,33.9,30.1,30.4,26.7,27.5,25.6,21.6,22.4,22.6,21.4,17.5,14.4,13.8,10.5,11.4,12.8,12.6,13.8,14.0,14.4,15.9,16.7,17.4,car_noise
2025-05-27 04:33:51,31.1,32.0,45.6,34.4,36.7,29.2,30.0,37.2,35.4,32.7,32.9,34.1,30.7,31.3,28.9,26.8,26.5,22.5,22.9,22.2,21.6,18.1,15.1,14.3,10.9,11.6,13.1,12.5,13.8,14.2,14.5,15.9,16.8,17.5,car_noise
2025-05-27 05:47:35,45.8,49.4,49.8,39.9,33.8,44.7,30.3,32.7,36.0,39.2,38.3,36.8,30.8,30.3,28.3,29.5,24.2,24.1,24.6,24.1,21.3,17.9,19.0,27.8,35.0,39.4,41.8,34.6,28.9,26.7,15.1,15.9,16.9,17.6,car_noise
2025-05-27 05:47:36,43.6,47.0,48.4,38.6,31.0,43.2,30.6,27.5,33.7,29.5,41.8,35.5,28.3,31.7,27.2,28.2,24.6,26.3,24.8,24.7,21.9,18.1,21.6,26.8,34.6,33.5,38.6,30.6,34.0,32.2,16.3,16.9,17.2,17.5,car_noise
2025-05-27 05:47:37,43.0,44.8,48.6,39.5,35.3,44.7,32.3,29.5,33.0,25.4,29.6,35.0,27.2,31.0,27.9,25.6,23.9,24.5,25.1,25.2,22.1,17.5,26.4,30.4,34.1,29.2,38.6,32.9,26.6,26.4,18.4,16.2,16.9,17.4,car_noise
2025-05-27 05:47:38,44.8,46.1,47.8,37.3,27.6,44.0,29.9,33.9,35.9,29.9,35.2,37.3,28.4,30.3,28.7,26.0,24.1,25.0,26.5,24.5,20.9,16.9,34.2,38.4,30.2,33.1,39.8,32.6,23.5,23.8,17.9,16.0,16.9,17.6,car_noise
2025-05-27 05:47:39,43.4,45.7,47.5,39.2,31.9,40.8,29.0,29.0,35.0,25.2,34.6,35.1,28.8,30.9,28.3,25.8,24.9,26.2,27.3,24.2,22.5,17.6,32.1,40.1,35.0,27.9,31.4,21.9,22.3,24.5,19.0,16.0,16.8,17.5,car_noise
2025-05-27 05:47:40,38.1,41.1,46.9,36.7,28.8,41.0,25.2,30.3,34.0,27.6,31.4,31.2,31.1,32.0,28.9,26.7,24.0,27.9,26.8,25.8,23.1,17.4,20.0,27.9,30.3,26.0,30.1,22.7,19.1,24.8,17.6,16.0,16.8,17.6,car_noise
2025-05-27 05:47:41,41.9,46.0,46.5,37.6,32.4,38.3,31.5,28.9,33.8,27.5,36.1,34.3,29.8,30.4,27.9,27.1,23.8,27.4,26.6,24.2,23.1,18.2,23.0,34.9,35.1,30.5,26.3,23.1,30.8,34.3,19.3,16.5,17.1,17.5,car_noise
2025-05-27 05:47:42,42.4,44.4,47.2,32.9,29.8,40.8,28.7,30.7,32.2,27.4,29.5,33.7,28.0,31.6,28.0,25.4,24.1,24.9,25.6,24.2,22.3,17.1,34.8,34.8,36.5,29.4,24.8,22.0,25.4,25.0,16.8,16.0,16.9,17.6,car_noise
2025-05-27 05:47:43,41.5,44.2,46.6,39.3,34.6,42.8,26.8,28.0,34.8,25.6,32.3,34.2,28.8,28.7,28.9,25.2,23.6,24.5,25.6,23.5,21.7,16.9,17.1,33.3,34.0,35.0,31.2,24.1,25.0,24.2,15.3,16.2,17.0,17.4,car_noise
2025-05-27 05:47:44,41.8,43.7,46.5,33.4,29.1,42.0,30.9,28.6,32.9,32.0,34.2,37.2,30.6,29.4,27.6,25.1,23.9,25.7,26.0,24.2,21.9,16.7,22.9,33.0,36.2,34.0,32.2,25.1,24.1,19.6,15.7,16.1,16.9,17.4,car_noise
2025-05-27 05:47:45,43.9,46.2,47.4,34.0,32.4,43.1,27.5,26.7,28.8,28.5,32.4,37.0,28.5,31.3,28.6,24.6,24.9,27.6,25.7,24.2,21.6,17.8,27.7,37.5,35.8,34.8,36.6,30.3,22.5,21.3,14.8,16.0,16.8,17.6,car_noise
2025-05-27 05:47:46,45.8,49.6,47.9,38.3,26.4,39.8,32.3,29.3,37.5,26.0,31.3,34.5,28.7,29.8,28.8,23.9,23.3,27.3,26.3,24.4,23.4,19.4,26.6,30.3,40.4,37.0,39.0,26.6,27.2,30.3,19.0,16.2,17.2,17.5,car_noise
2025-05-27 05:47:47,44.6,49.4,47.0,38.8,29.1,42.2,27.2,31.6,32.9,25.9,31.1,33.5,28.8,29.3,27.4,25.7,23.4,27.9,28.2,24.4,22.2,17.9,28.9,36.2,28.3,32.9,38.0,35.7,27.3,25.6,16.3,15.9,16.9,17.6,car_noise
2025-05-27 05:47:48,44.3,46.5,46.9,38.2,25.5,44.5,28.2,28.0,37.2,25.4,28.5,34.6,29.6,29.5,28.9,26.0,23.6,25.9,26.8,23.5,21.8,19.0,30.8,36.7,36.9,37.0,33.5,26.4,24.6,24.7,14.8,16.0,16.9,17.6,car_noise
2025-05-27 05:47:49,45.1,47.3,47.5,33.2,32.2,43.5,28.6,29.3,36.2,25.8,33.0,33.5,28.4,28.8,28.1,24.9,24.0,24.4,25.9,23.9,21.5,19.4,32.5,40.3,36.3,34.5,32.9,29.3,27.8,27.9,19.1,16.3,16.9,17.5,car_noise
2025-05-27 05:47:50,45.9,49.0,47.7,37.8,35.4,43.9,30.8,30.9,35.9,25.9,34.7,35.9,30.5,32.3,26.8,25.9,23.0,24.3,25.3,23.7,21.9,18.6,29.8,38.9,40.3,34.3,33.2,35.3,35.3,32.0,25.0,18.2,16.9,17.4,car_noise
2025-05-27 05:47:51,38.8,41.3,46.1,32.4,22.5,39.6,28.1,31.9,37.4,29.7,28.1,36.9,29.0,32.5,27.7,27.4,25.2,25.1,26.8,24.6,22.0,17.4,21.0,24.8,28.9,27.6,30.8,26.7,31.1,23.8,15.6,16.1,17.0,17.6,car_noise
2025-05-27 05:47:52,43.9,49.8,47.1,34.4,28.8,41.9,27.8,28.4,35.6,26.5,29.4,33.3,28.8,30.4,27.3,25.9,26.2,26.9,27.4,25.5,22.5,19.2,35.0,38.8,30.8,28.4,24.4,28.5,28.6,28.7,18.3,16.2,17.0,17.4,car_noise
2025-05-27 05:47:53,50.6,53.0,50.7,36.3,27.9,41.3,27.1,30.8,38.5,25.0,29.1,33.9,29.9,31.1,27.9,25.0,25.1,27.2,28.6,24.9,22.9,25.9,39.1,45.2,45.5,35.6,30.5,34.2,37.1,39.5,22.1,19.0,20.0,17.8,car_noise
2025-05-27 05:47:54,49.1,52.4,49.8,33.3,34.8,41.3,29.9,29.9,33.2,27.1,30.6,33.3,30.0,31.0,27.9,25.6,25.2,26.4,26.6,23.9,22.2,33.4,35.2,42.5,43.9,37.5,37.7,27.1,27.9,32.3,23.0,16.3,17.2,17.5,car_noise
2025-05-27 05:47:55,52.0,57.3,51.6,36.8,30.7,41.5,27.9,29.5,36.9,24.5,33.2,34.2,29.4,29.8,27.6,25.4,23.9,27.5,26.9,24.0,22.3,20.0,35.4,41.0,48.7,34.7,35.4,27.3,37.1,37.4,18.8,17.4,17.9,17.6,car_noise
2025-05-27 05:51:26,41.4,43.0,50.3,37.5,35.4,34.9,32.9,28.9,37.8,35.4,41.6,34.7,38.6,46.2,39.2,34.6,28.2,27.6,26.9,24.7,23.8,20.0,15.4,23.1,29.7,28.9,34.4,26.0,28.6,26.1,16.8,16.0,16.9,17.5,car_noise
2025-05-27 05:51:27,41.2,42.4,47.6,32.5,35.0,42.2,33.1,34.6,38.7,33.0,41.1,32.9,31.3,41.5,36.4,34.9,27.3,26.6,26.3,24.8,23.8,19.5,18.1,23.1,28.7,34.1,33.1,30.5,30.0,25.3,14.9,15.9,16.9,17.5,car_noise
2025-05-27 05:51:28,40.1,49.2,46.5,37.0,33.9,41.0,26.6,27.6,33.6,32.3,40.9,36.5,32.0,34.6,32.5,32.4,25.2,24.6,24.8,22.8,21.8,19.2,18.2,19.7,26.6,26.6,34.0,31.6,27.1,32.2,18.0,16.1,17.4,17.5,car_noise
2025-05-27 05:51:29,50.2,54.2,50.3,38.6,35.4,41.2,33.8,31.4,33.4,29.1,35.5,36.1,29.3,37.9,30.6,30.2,26.4,25.1,25.6,23.8,22.9,20.4,24.6,29.6,25.1,40.9,46.7,41.9,33.9,35.5,16.1,16.8,18.2,17.6,car_noise
2025-05-27 05:51:30,46.5,50.3,48.3,37.8,33.4,42.4,26.7,29.5,37.4,32.0,37.8,35.6,30.3,36.5,30.3,31.0,25.2,26.5,26.8,24.3,23.1,19.2,29.1,37.9,39.9,37.4,34.9,31.9,30.9,31.1,15.9,16.2,17.4,17.5,car_noise
2025-05-27 05:51:31,40.8,45.1,46.7,39.1,27.7,41.7,30.0,30.9,35.9,32.2,34.3,36.6,31.4,31.0,29.0,27.2,24.9,25.4,26.6,24.0,22.2,18.7,27.9,35.3,29.5,27.5,26.1,23.6,28.0,23.5,16.0,15.9,16.8,17.5,car_noise
2025-05-27 05:51:32,44.4,46.8,48.1,36.6,40.6,43.8,28.1,32.5,33.5,28.4,34.2,35.0,30.0,31.8,28.1,27.0,24.9,24.7,25.1,24.3,22.6,17.5,32.1,41.1,32.4,35.8,32.7,25.0,28.5,15.4,14.7,15.9,16.8,17.5,car_noise
2025-05-27 05:51:33,43.3,45.4,48.5,35.8,32.2,41.7,30.8,35.5,36.4,27.0,33.6,36.3,30.7,29.4,29.1,26.4,24.1,24.1,25.2,23.7,22.0,17.7,18.7,25.6,30.5,38.4,37.0,27.6,30.6,32.4,15.5,16.4,17.7,17.5,car_noise
2025-05-27 05:51:34,41.8,43.4,48.4,40.6,36.0,41.0,31.4,31.9,38.1,29.4,33.9,36.7,31.1,30.7,28.8,28.0,24.4,25.2,24.6,23.9,22.4,18.1,15.8,24.2,29.6,32.9,34.9,24.5,28.1,37.5,16.7,16.0,17.0,17.4,car_noise
2025-05-27 05:51:35,44.6,52.4,49.5,37.2,37.7,38.3,29.2,30.1,36.6,30.1,34.6,35.6,30.0,31.2,29.4,28.2,24.7,24.8,25.0,23.2,22.2,18.2,14.6,21.6,24.9,37.0,37.5,37.0,32.3,39.4,21.1,16.8,17.4,17.5,car_noise
2025-05-27 05:51:36,48.5,52.7,51.0,39.0,36.5,40.0,27.8,30.3,35.1,27.9,33.7,34.3,30.9,31.7,28.6,26.3,23.6,25.7,25.2,23.7,21.7,19.0,15.4,22.4,40.7,41.6,36.4,33.9,41.1,36.5,19.7,18.5,18.2,17.6,car_noise
2025-05-27 05:51:37,53.3,56.0,53.4,42.7,37.3,43.4,27.5,30.3,35.9,29.2,35.1,37.0,30.9,30.6,28.9,25.5,24.1,26.3,25.2,24.1,22.1,19.3,28.4,36.4,33.5,42.6,51.4,39.3,40.8,29.2,16.1,18.1,17.2,17.5,car_noise
2025-05-27 05:51:38,46.4,53.8,50.7,37.8,34.9,40.6,31.9,29.7,35.2,31.4,32.8,35.2,28.5,31.0,30.5,28.1,24.8,26.2,25.6,24.6,22.4,19.5,33.4,36.0,32.0,29.8,40.7,29.5,27.4,23.1,15.1,16.2,17.0,17.5,car_noise
2025-05-27 05:51:39,42.2,45.0,50.0,38.6,32.2,40.5,34.0,32.3,32.1,28.6,32.8,32.3,30.8,31.5,28.6,27.0,24.4,26.3,26.0,25.0,22.6,22.1,34.7,30.4,27.7,37.4,33.9,25.2,22.1,18.5,14.6,15.8,16.9,17.5,car_noise
2025-05-27 05:51:40,41.2,43.5,50.3,42.4,34.0,41.7,34.5,32.3,36.7,30.1,33.6,34.3,29.8,30.4,28.7,27.8,26.1,25.4,25.1,25.1,23.1,18.9,17.7,24.3,27.3,36.1,34.7,27.5,26.0,28.0,14.9,16.1,17.1,17.5,car_noise
2025-05-27 05:51:41,41.0,43.9,50.1,39.0,31.1,41.6,29.0,28.3,36.6,29.6,31.8,37.5,31.3,29.7,29.7,27.8,25.5,24.7,26.0,25.2,22.4,18.1,15.4,22.7,29.9,34.8,35.9,27.7,22.4,26.5,16.3,15.9,16.9,17.5,car_noise
2025-05-27 05:51:42,44.8,54.0,50.2,40.2,36.9,41.5,28.3,25.6,35.2,27.2,31.0,34.7,30.2,31.9,29.5,26.5,25.3,25.0,25.7,25.0,22.2,17.3,15.8,21.0,32.2,40.8,37.4,34.9,30.3,31.8,19.4,16.0,16.9,17.5,car_noise
2025-05-27 05:51:43,50.2,55.0,52.3,40.1,29.8,40.2,25.8,31.8,37.9,28.0,34.1,34.3,31.3,31.9,28.1,26.0,24.9,24.5,26.3,25.3,21.9,17.5,16.2,29.2,39.0,46.3,38.5,29.2,27.6,40.0,18.2,16.2,18.4,17.6,car_noise
2025-05-27 05:51:44,51.8,56.0,53.1,44.0,33.1,41.1,32.5,30.3,39.8,30.2,30.9,35.9,32.6,31.7,29.6,25.4,24.1,24.5,26.4,25.9,22.4,18.3,26.9,33.5,31.8,45.3,49.0,25.1,27.6,38.4,17.1,16.1,18.0,17.5,car_noise
2025-05-27 05:51:45,42.9,46.2,50.3,43.0,31.4,37.9,29.1,27.8,36.8,31.4,31.2,35.4,30.8,30.7,30.1,25.6,24.1,26.1,26.2,26.4,22.5,21.3,29.5,36.8,34.0,33.6,31.0,20.6,26.9,19.2,14.7,15.8,16.8,17.5,car_noise
2025-05-27 05:51:46,41.6,45.1,50.2,38.6,25.8,35.4,30.2,29.8,37.5,27.9,31.6,36.1,30.5,31.2,29.2,26.3,24.6,26.3,25.9,24.8,21.8,18.6,20.8,26.5,35.8,36.1,23.6,19.6,27.4,30.5,14.8,15.9,16.9,17.5,car_noise
